Country Name,Country Code,Indicator Name,Indicator Code,1990,1991,1992,1993,1994,1995,1996,1997,1998,1999,2000,2001,2002,2003,2004,2005,2006,2007,2008,2009,2010,2011,2012,2013,2014,2015,2016,2017,2018,2019,2020
Aruba,ABW,CO2 emissions (kt),EN.ATM.CO2E.KT,Unknown,Unknown,Unknown,Unknown,Unknown,Unknown,Unknown,Unknown,Unknown,Unknown,Unknown,Unknown,Unknown,Unknown,Unknown,Unknown,Unknown,Unknown,Unknown,Unknown,Unknown,Unknown,Unknown,Unknown,Unknown,Unknown,Unknown,Unknown,Unknown,Unknown,Unknown
Africa Eastern and Southern,AFE,CO2 emissions (kt),EN.ATM.CO2E.KT,309980.8254427,304407.723572644,300329.971872206,306574.577075445,312677.028664301,330892.998964482,341412.3664288,357963.108674783,366634.479152127,352429.271543457,358460.646325123,397075.660289217,409057.179215757,434533.137679053,466883.238780711,468365.697902131,476590.299877129,500147.184546258,533634.514562978,515682.543832365,543808.651820938,535604.357505138,559333.857277447,580510.924988882,601860.163982524,586385.004028878,592299.593958805,601323.394690938,600351.133332593,600351.133332593,600351.133332593
Afghanistan,AFG,CO2 emissions (kt),EN.ATM.CO2E.KT,2960.0,2740.0,1430.0,1360.0,1300.0,1250.0,1180.0,1100.0,1050.0,820.0,770.0,810.0,1100.0,1350.0,1130.0,1640.0,1940.0,2360.0,4390.0,6000.0,8670.0,12260.0,10450.0,8510.0,7810.0,7990.0,7390.0,7380.0,7440.0,7440.0,7440.0
Africa Western and Central,AFW,CO2 emissions (kt),EN.ATM.CO2E.KT,90210.0,99880.0,111590.0,115080.0,112220.0,113980.0,121890.0,120450.0,116930.0,118000.0,119510.0,130120.0,133840.0,137380.0,141040.0,155650.0,153210.0,153350.0,157600.0,145550.0,165750.0,179070.0,181740.0,191990.0,198440.0,193060.0,195120.0,201900.0,224380.0,224380.0,224380.0
Angola,AGO,CO2 emissions (kt),EN.ATM.CO2E.KT,6330.0,6530.0,6370.0,6900.0,6690.0,10780.0,11410.0,11730.0,11370.0,12650.0,12370.0,12910.0,13620.0,18010.0,19290.0,18210.0,20340.0,23490.0,25080.0,27150.0,28530.0,29460.0,30250.0,32820.0,34630.0,35160.0,35410.0,30840.0,27340.0,27340.0,27340.0
Albania,ALB,CO2 emissions (kt),EN.ATM.CO2E.KT,6050.0,4110.0,2240.0,2070.0,2140.0,1950.0,1970.0,1480.0,1800.0,2970.0,3170.0,3220.0,3750.0,4110.0,4290.0,4070.0,4050.0,4220.0,4170.0,4320.0,4580.0,5040.0,4580.0,4790.0,5220.0,5070.0,4930.0,5600.0,5560.0,5560.0,5560.0
Andorra,AND,CO2 emissions (kt),EN.ATM.CO2E.KT,410.0,410.0,410.0,410.0,410.0,430.0,450.0,470.0,490.0,510.0,520.0,520.0,530.0,530.0,560.0,580.0,550.0,540.0,540.0,520.0,520.0,490.0,490.0,480.0,460.0,470.0,470.0,470.0,460.0,460.0,460.0
Arab World,ARB,CO2 emissions (kt),EN.ATM.CO2E.KT,639188.590050262,666275.065246126,689384.438411006,737400.915204267,777262.324196623,800120.61768783,827779.554539669,850949.186826231,855870.348430225,865471.635151488,893140.615190274,946781.276673814,986311.260496921,1012262.85556778,1069589.36666085,1166727.07081153,1225851.31236809,1282565.18905739,1385236.68921583,1453510.27408105,1533835.68328257,1564748.61270522,1675996.99451633,1706809.49206951,1784413.19760842,1828844.25666163,1846600.61118379,1865421.54352234,1863603.72668494,1863603.72668494,1863603.72668494
United Arab Emirates,ARE,CO2 emissions (kt),EN.ATM.CO2E.KT,55400.0,61500.0,59640.0,62150.0,68290.0,72640.0,75810.0,81450.0,83850.0,86000.0,84540.0,96260.0,98120.0,103530.0,109980.0,116280.0,121460.0,131690.0,156200.0,157180.0,162820.0,166320.0,175730.0,184100.0,183840.0,194040.0,199460.0,208250.0,200300.0,200300.0,200300.0
Argentina,ARG,CO2 emissions (kt),EN.ATM.CO2E.KT,99840.0,105320.0,107350.0,111030.0,113810.0,113810.0,126560.0,127320.0,133170.0,134190.0,131910.0,124870.0,117470.0,128360.0,141850.0,146320.0,155370.0,163630.0,168150.0,157440.0,168140.0,177260.0,178530.0,184000.0,179910.0,186090.0,184280.0,180120.0,177410.0,177410.0,177410.0
Armenia,ARM,CO2 emissions (kt),EN.ATM.CO2E.KT,19850.0,20690.0,10890.0,5040.0,2740.0,3510.0,2570.0,3340.0,3470.0,3110.0,3560.0,3600.0,3120.0,3500.0,3760.0,4460.0,4490.0,5200.0,5690.0,4510.0,4340.0,4940.0,5720.0,5500.0,5480.0,5340.0,5070.0,5320.0,5550.0,5550.0,5550.0
American Samoa,ASM,CO2 emissions (kt),EN.ATM.CO2E.KT,Unknown,Unknown,Unknown,Unknown,Unknown,Unknown,Unknown,Unknown,Unknown,Unknown,Unknown,Unknown,Unknown,Unknown,Unknown,Unknown,Unknown,Unknown,Unknown,Unknown,Unknown,Unknown,Unknown,Unknown,Unknown,Unknown,Unknown,Unknown,Unknown,Unknown,Unknown
Antigua and Barbuda,ATG,CO2 emissions (kt),EN.ATM.CO2E.KT,210.0,220.0,290.0,250.0,250.0,270.0,280.0,300.0,330.0,330.0,330.0,350.0,390.0,410.0,400.0,410.0,440.0,460.0,480.0,1390.0,490.0,510.0,720.0,470.0,480.0,490.0,500.0,500.0,530.0,530.0,530.0
Australia,AUS,CO2 emissions (kt),EN.ATM.CO2E.KT,263600.0,264710.0,268360.0,272360.0,278670.0,289010.0,299590.0,306770.0,327660.0,333040.0,338810.0,344960.0,352890.0,351990.0,365270.0,369510.0,375060.0,385370.0,388500.0,394950.0,387350.0,385770.0,385770.0,379270.0,369880.0,375970.0,383960.0,387200.0,386620.0,386620.0,386620.0
Austria,AUT,CO2 emissions (kt),EN.ATM.CO2E.KT,58270.0,62420.0,57670.0,57800.0,58290.0,61180.0,64900.0,64220.0,64670.0,63050.0,63530.0,67910.0,69370.0,74460.0,75800.0,76240.0,74100.0,71240.0,70730.0,64420.0,69960.0,68270.0,65110.0,65750.0,61990.0,63150.0,63390.0,65830.0,63180.0,63180.0,63180.0
Azerbaijan,AZE,CO2 emissions (kt),EN.ATM.CO2E.KT,57520.0,67030.0,44620.0,53520.0,47580.0,45770.0,40380.0,39470.0,39390.0,38780.0,40010.0,38720.0,38130.0,34340.0,34090.0,36650.0,34170.0,27510.0,29580.0,25140.0,24150.0,28560.0,30760.0,31390.0,32630.0,32170.0,32660.0,31970.0,32020.0,32020.0,32020.0
Burundi,BDI,CO2 emissions (kt),EN.ATM.CO2E.KT,190.0,230.0,200.0,210.0,210.0,220.0,220.0,230.0,230.0,230.0,260.0,210.0,220.0,170.0,160.0,160.0,190.0,190.0,200.0,200.0,320.0,370.0,390.0,410.0,390.0,410.0,460.0,570.0,590.0,590.0,590.0
Belgium,BEL,CO2 emissions (kt),EN.ATM.CO2E.KT,109310.0,113960.0,112330.0,110110.0,114900.0,114570.0,119450.0,116640.0,119410.0,115510.0,117280.0,118340.0,110850.0,115500.0,114020.0,110610.0,108650.0,104590.0,106930.0,99670.0,106470.0,95570.0,94960.0,96610.0,90160.0,95200.0,94320.0,92770.0,93470.0,93470.0,93470.0
Benin,BEN,CO2 emissions (kt),EN.ATM.CO2E.KT,380.0,330.0,360.0,420.0,400.0,460.0,1050.0,1240.0,1300.0,1420.0,1530.0,1840.0,2120.0,2380.0,2530.0,2780.0,3830.0,4390.0,4350.0,4700.0,5080.0,4980.0,4740.0,5020.0,5510.0,5990.0,7230.0,7360.0,7910.0,7910.0,7910.0
Burkina Faso,BFA,CO2 emissions (kt),EN.ATM.CO2E.KT,590.0,600.0,610.0,620.0,620.0,640.0,720.0,820.0,880.0,930.0,1050.0,1020.0,1020.0,1100.0,1130.0,1150.0,1400.0,1680.0,1910.0,1930.0,2090.0,2200.0,2710.0,2970.0,3020.0,3400.0,3500.0,4070.0,4270.0,4270.0,4270.0
Bangladesh,BGD,CO2 emissions (kt),EN.ATM.CO2E.KT,11520.0,10830.0,11820.0,12570.0,13540.0,16550.0,16820.0,18970.0,19250.0,20110.0,21650.0,25780.0,27430.0,28630.0,30530.0,32710.0,35900.0,37990.0,41580.0,44750.0,50580.0,54420.0,57990.0,60580.0,63800.0,71690.0,73740.0,78710.0,82760.0,82760.0,82760.0
Bulgaria,BGR,CO2 emissions (kt),EN.ATM.CO2E.KT,73560.0,58610.0,55130.0,55670.0,53520.0,54690.0,55060.0,53370.0,50590.0,44300.0,43330.0,46180.0,43630.0,47890.0,47180.0,47880.0,48970.0,52620.0,50030.0,42970.0,44850.0,49670.0,45120.0,39820.0,42230.0,44690.0,41740.0,44040.0,41130.0,41130.0,41130.0
Bahrain,BHR,CO2 emissions (kt),EN.ATM.CO2E.KT,10740.0,10350.0,12270.0,13070.0,13370.0,13540.0,14170.0,14420.0,15510.0,15450.0,15880.0,16390.0,17220.0,17960.0,17930.0,20700.0,22500.0,23010.0,24770.0,24730.0,25980.0,26030.0,26570.0,28760.0,30220.0,30600.0,30200.0,30380.0,30750.0,30750.0,30750.0
"Bahamas, The",BHS,CO2 emissions (kt),EN.ATM.CO2E.KT,1780.0,1880.0,2530.0,2100.0,2040.0,2080.0,1970.0,1770.0,2270.0,2230.0,2140.0,2130.0,2280.0,2250.0,2160.0,2020.0,2020.0,2070.0,2110.0,6020.0,2080.0,2420.0,3640.0,3110.0,2620.0,2370.0,2190.0,2150.0,2260.0,2260.0,2260.0
Bosnia and Herzegovina,BIH,CO2 emissions (kt),EN.ATM.CO2E.KT,23970.0,21440.0,15970.0,13400.0,3160.0,3370.0,4190.0,8490.0,10760.0,10520.0,13950.0,13760.0,14560.0,14860.0,15570.0,16230.0,17910.0,18890.0,20760.0,20590.0,20840.0,23740.0,21960.0,21850.0,19490.0,19610.0,22340.0,22650.0,22540.0,22540.0,22540.0
Belarus,BLR,CO2 emissions (kt),EN.ATM.CO2E.KT,99850.0,96240.0,87780.0,76240.0,64670.0,57530.0,58480.0,59050.0,57230.0,54980.0,52990.0,51740.0,51770.0,52550.0,55770.0,56480.0,58810.0,57350.0,60270.0,57200.0,61470.0,58350.0,59790.0,59930.0,59470.0,54890.0,55210.0,56240.0,59310.0,59310.0,59310.0
Belize,BLZ,CO2 emissions (kt),EN.ATM.CO2E.KT,330.0,430.0,500.0,460.0,450.0,460.0,360.0,460.0,450.0,410.0,450.0,530.0,520.0,510.0,440.0,470.0,510.0,530.0,500.0,1460.0,560.0,640.0,690.0,500.0,490.0,660.0,650.0,650.0,680.0,680.0,680.0
Bermuda,BMU,CO2 emissions (kt),EN.ATM.CO2E.KT,Unknown,Unknown,Unknown,Unknown,Unknown,Unknown,Unknown,Unknown,Unknown,Unknown,Unknown,Unknown,Unknown,Unknown,Unknown,Unknown,Unknown,Unknown,Unknown,Unknown,Unknown,Unknown,Unknown,Unknown,Unknown,Unknown,Unknown,Unknown,Unknown,Unknown,Unknown
Bolivia,BOL,CO2 emissions (kt),EN.ATM.CO2E.KT,5680.0,5770.0,6820.0,7820.0,9040.0,8320.0,8120.0,8280.0,8610.0,7960.0,8000.0,7890.0,8230.0,9110.0,9420.0,10070.0,11160.0,12040.0,13020.0,13870.0,15040.0,16450.0,17250.0,18560.0,20170.0,20410.0,21610.0,22250.0,22710.0,22710.0,22710.0
Brazil,BRA,CO2 emissions (kt),EN.ATM.CO2E.KT,198260.0,205180.0,208660.0,215180.0,222720.0,241500.0,262900.0,281510.0,290760.0,300620.0,312670.0,319560.0,317280.0,309350.0,326760.0,330510.0,333980.0,351520.0,372160.0,350830.0,397730.0,417120.0,451760.0,482860.0,506780.0,479970.0,441910.0,449840.0,427710.0,427710.0,427710.0
Barbados,BRB,CO2 emissions (kt),EN.ATM.CO2E.KT,980.0,980.0,1180.0,990.0,1030.0,1070.0,1070.0,1170.0,1270.0,1300.0,1240.0,1320.0,1370.0,1380.0,1360.0,1420.0,1470.0,1480.0,1780.0,4620.0,1590.0,1670.0,2210.0,1480.0,1290.0,1290.0,1310.0,1200.0,1250.0,1250.0,1250.0
Brunei Darussalam,BRN,CO2 emissions (kt),EN.ATM.CO2E.KT,3920.0,3380.0,3590.0,3870.0,4140.0,4500.0,4710.0,5090.0,4310.0,4190.0,4430.0,4310.0,4360.0,5250.0,4920.0,4820.0,7220.0,6840.0,7220.0,7430.0,6860.0,7010.0,7130.0,7020.0,6970.0,5980.0,6410.0,6710.0,7140.0,7140.0,7140.0
Bhutan,BTN,CO2 emissions (kt),EN.ATM.CO2E.KT,130.0,170.0,200.0,170.0,190.0,230.0,280.0,370.0,360.0,360.0,370.0,360.0,400.0,360.0,310.0,410.0,400.0,390.0,400.0,370.0,470.0,670.0,760.0,850.0,940.0,960.0,1230.0,1330.0,1380.0,1380.0,1380.0
Botswana,BWA,CO2 emissions (kt),EN.ATM.CO2E.KT,2810.0,2740.0,3300.0,3250.0,3080.0,3190.0,2920.0,3070.0,3680.0,3860.0,4030.0,3870.0,4030.0,3920.0,3970.0,4280.0,4090.0,4320.0,4390.0,4090.0,3370.0,4000.0,5130.0,5560.0,7130.0,7210.0,7120.0,7870.0,8210.0,8210.0,8210.0
Central African Republic,CAF,CO2 emissions (kt),EN.ATM.CO2E.KT,160.0,150.0,150.0,160.0,160.0,160.0,170.0,170.0,230.0,240.0,240.0,250.0,250.0,240.0,240.0,240.0,260.0,260.0,260.0,260.0,270.0,290.0,300.0,300.0,300.0,310.0,310.0,310.0,330.0,330.0,330.0
Canada,CAN,CO2 emissions (kt),EN.ATM.CO2E.KT,419120.0,412930.0,426000.0,422680.0,438820.0,449500.0,463160.0,478530.0,486760.0,495140.0,515000.0,506940.0,525470.0,545360.0,537250.0,549970.0,541070.0,571310.0,550200.0,520800.0,535030.0,547720.0,547140.0,556350.0,561830.0,558800.0,550480.0,562260.0,574400.0,574400.0,574400.0
Central Europe and the Baltics,CEB,CO2 emissions (kt),EN.ATM.CO2E.KT,988720.0,912230.0,848250.0,825880.0,803900.0,809240.0,832780.0,807530.0,759130.0,717720.0,708640.0,719870.0,705970.0,737230.0,736270.0,734590.0,750980.0,757920.0,740540.0,683460.0,708620.0,708790.0,682080.0,656190.0,635680.0,645360.0,656330.0,680750.0,676470.0,676470.0,676470.0
Switzerland,CHE,CO2 emissions (kt),EN.ATM.CO2E.KT,43330.0,45670.0,45700.0,43450.0,42590.0,43440.0,44010.0,42750.0,44250.0,44530.0,43710.0,45160.0,43570.0,44840.0,45280.0,45850.0,45480.0,43540.0,44960.0,43670.0,45210.0,41190.0,42470.0,43480.0,39730.0,39030.0,39610.0,38620.0,37480.0,37480.0,37480.0
Channel Islands,CHI,CO2 emissions (kt),EN.ATM.CO2E.KT,Unknown,Unknown,Unknown,Unknown,Unknown,Unknown,Unknown,Unknown,Unknown,Unknown,Unknown,Unknown,Unknown,Unknown,Unknown,Unknown,Unknown,Unknown,Unknown,Unknown,Unknown,Unknown,Unknown,Unknown,Unknown,Unknown,Unknown,Unknown,Unknown,Unknown,Unknown
Chile,CHL,CO2 emissions (kt),EN.ATM.CO2E.KT,30410.0,29560.0,31490.0,32300.0,35380.0,38250.0,44060.0,50560.0,51410.0,53770.0,49820.0,47870.0,48690.0,49910.0,54730.0,55720.0,57050.0,64740.0,68250.0,65370.0,69720.0,76470.0,78490.0,82940.0,76390.0,81970.0,86160.0,87040.0,86620.0,86620.0,86620.0
China,CHN,CO2 emissions (kt),EN.ATM.CO2E.KT,2173360.0,2302190.0,2418180.0,2643530.0,2763900.0,3084870.0,3064880.0,3128650.0,3232120.0,3149200.0,3344090.0,3526750.0,3808330.0,4413300.0,5121830.0,5819120.0,6431910.0,6988210.0,7195010.0,7715110.0,8470570.0,9278250.0,9533210.0,9936680.0,9894940.0,9830430.0,9814310.0,10017770.0,10313460.0,10313460.0,10313460.0
Cote d'Ivoire,CIV,CO2 emissions (kt),EN.ATM.CO2E.KT,2710.0,2790.0,2770.0,2960.0,3090.0,3260.0,3880.0,4790.0,4830.0,6690.0,6330.0,6260.0,6380.0,5150.0,5420.0,5810.0,5630.0,5550.0,6360.0,5930.0,6220.0,5990.0,7890.0,8460.0,8960.0,9560.0,9320.0,10380.0,9910.0,9910.0,9910.0
Cameroon,CMR,CO2 emissions (kt),EN.ATM.CO2E.KT,2900.0,2650.0,2530.0,6660.0,7290.0,7110.0,6340.0,6590.0,6760.0,6520.0,6700.0,6330.0,6220.0,6100.0,6540.0,6610.0,6950.0,8120.0,8210.0,8790.0,8990.0,7970.0,7060.0,7370.0,7750.0,8010.0,8550.0,8320.0,8620.0,8620.0,8620.0
"Congo, Dem. Rep.",COD,CO2 emissions (kt),EN.ATM.CO2E.KT,3180.0,1740.0,1480.0,1430.0,1280.0,1240.0,1250.0,1200.0,1330.0,1320.0,920.0,790.0,880.0,1070.0,1170.0,1490.0,1600.0,1750.0,1870.0,1920.0,2060.0,2520.0,2430.0,3650.0,4790.0,2890.0,2060.0,2280.0,2200.0,2200.0,2200.0
"Congo, Rep.",COG,CO2 emissions (kt),EN.ATM.CO2E.KT,840.0,3080.0,3010.0,2990.0,2780.0,2930.0,2800.0,3340.0,3230.0,2950.0,2860.0,2990.0,2800.0,2940.0,2860.0,4820.0,4950.0,5130.0,5410.0,5440.0,4980.0,4860.0,4750.0,4000.0,4080.0,3440.0,3350.0,3220.0,3220.0,3220.0,3220.0
Colombia,COL,CO2 emissions (kt),EN.ATM.CO2E.KT,48860.0,50580.0,53210.0,55780.0,56430.0,59060.0,58850.0,63590.0,64090.0,55870.0,58220.0,58560.0,56430.0,56020.0,56220.0,57910.0,57720.0,59190.0,60000.0,62960.0,64680.0,69910.0,70290.0,77790.0,79820.0,81030.0,83760.0,76060.0,79490.0,79490.0,79490.0
Comoros,COM,CO2 emissions (kt),EN.ATM.CO2E.KT,70.0,70.0,70.0,70.0,70.0,80.0,80.0,80.0,90.0,90.0,100.0,110.0,110.0,140.0,150.0,140.0,150.0,120.0,120.0,130.0,160.0,150.0,150.0,180.0,160.0,180.0,200.0,250.0,260.0,260.0,260.0
Cabo Verde,CPV,CO2 emissions (kt),EN.ATM.CO2E.KT,100.0,100.0,110.0,110.0,110.0,120.0,140.0,150.0,160.0,190.0,220.0,250.0,280.0,310.0,340.0,440.0,500.0,460.0,480.0,510.0,540.0,570.0,530.0,510.0,500.0,500.0,550.0,590.0,620.0,620.0,620.0
Costa Rica,CRI,CO2 emissions (kt),EN.ATM.CO2E.KT,2870.0,3060.0,4150.0,4180.0,4850.0,4810.0,4530.0,4490.0,5020.0,5040.0,4950.0,5420.0,5520.0,5800.0,5940.0,6270.0,6560.0,7600.0,7520.0,7200.0,7110.0,7430.0,7450.0,7780.0,7830.0,7540.0,8080.0,8180.0,8260.0,8260.0,8260.0
Caribbean small states,CSS,CO2 emissions (kt),EN.ATM.CO2E.KT,28330.0,27640.0,28470.0,28470.0,29430.0,30190.0,30570.0,31430.0,33060.0,33390.0,32770.0,34220.0,34770.0,34590.0,35260.0,38980.0,42900.0,42970.0,39950.0,48680.0,39680.0,41140.0,42870.0,41400.0,40210.0,39450.0,36580.0,35670.0,36920.0,36920.0,36920.0
Cuba,CUB,CO2 emissions (kt),EN.ATM.CO2E.KT,35410.0,27430.0,22090.0,20090.0,21610.0,23080.0,25030.0,27400.0,26950.0,27830.0,28200.0,27190.0,25960.0,25230.0,24970.0,25860.0,26300.0,27200.0,26310.0,27100.0,30260.0,28540.0,28850.0,27350.0,26880.0,27490.0,28450.0,25650.0,24970.0,24970.0,24970.0
Curacao,CUW,CO2 emissions (kt),EN.ATM.CO2E.KT,Unknown,Unknown,Unknown,Unknown,Unknown,Unknown,Unknown,Unknown,Unknown,Unknown,Unknown,Unknown,Unknown,Unknown,Unknown,Unknown,Unknown,Unknown,Unknown,Unknown,Unknown,Unknown,Unknown,Unknown,Unknown,Unknown,Unknown,Unknown,Unknown,Unknown,Unknown
Cayman Islands,CYM,CO2 emissions (kt),EN.ATM.CO2E.KT,Unknown,Unknown,Unknown,Unknown,Unknown,Unknown,Unknown,Unknown,Unknown,Unknown,Unknown,Unknown,Unknown,Unknown,Unknown,Unknown,Unknown,Unknown,Unknown,Unknown,Unknown,Unknown,Unknown,Unknown,Unknown,Unknown,Unknown,Unknown,Unknown,Unknown,Unknown
Cyprus,CYP,CO2 emissions (kt),EN.ATM.CO2E.KT,4560.0,5070.0,5430.0,5690.0,5930.0,5800.0,6160.0,6250.0,6550.0,6810.0,7070.0,6930.0,7110.0,7770.0,7710.0,7870.0,7940.0,8240.0,8400.0,8180.0,7820.0,7550.0,7020.0,6380.0,6750.0,6780.0,7150.0,7300.0,7230.0,7230.0,7230.0
Czech Republic,CZE,CO2 emissions (kt),EN.ATM.CO2E.KT,150200.0,136900.0,134140.0,130980.0,124710.0,125180.0,126740.0,124790.0,118920.0,111950.0,123170.0,122720.0,118530.0,122770.0,123440.0,120000.0,120600.0,123630.0,118310.0,111170.0,113930.0,110980.0,107170.0,102720.0,99750.0,100980.0,102860.0,103420.0,102480.0,102480.0,102480.0
Germany,DEU,CO2 emissions (kt),EN.ATM.CO2E.KT,955310.0,932370.0,892750.0,887010.0,875810.0,873090.0,902750.0,870900.0,863140.0,833350.0,830080.0,847500.0,833180.0,836550.0,820830.0,802170.0,814160.0,783600.0,789550.0,734660.0,772920.0,746380.0,760020.0,777630.0,737490.0,742310.0,747150.0,732200.0,709540.0,709540.0,709540.0
Djibouti,DJI,CO2 emissions (kt),EN.ATM.CO2E.KT,330.0,340.0,340.0,340.0,330.0,330.0,340.0,350.0,350.0,350.0,370.0,380.0,400.0,410.0,400.0,430.0,430.0,470.0,470.0,460.0,520.0,480.0,510.0,560.0,460.0,540.0,490.0,470.0,490.0,490.0,490.0
Dominica,DMA,CO2 emissions (kt),EN.ATM.CO2E.KT,60.0,60.0,80.0,80.0,80.0,100.0,80.0,100.0,110.0,110.0,130.0,150.0,120.0,140.0,160.0,160.0,170.0,180.0,180.0,500.0,180.0,170.0,250.0,170.0,180.0,180.0,180.0,170.0,180.0,180.0,180.0
Denmark,DNK,CO2 emissions (kt),EN.ATM.CO2E.KT,52080.0,62730.0,57010.0,59290.0,63190.0,59920.0,73300.0,63720.0,59740.0,56960.0,52710.0,53850.0,53980.0,59340.0,53890.0,50270.0,58210.0,53400.0,50120.0,47890.0,48180.0,43090.0,38210.0,39980.0,35760.0,33600.0,35380.0,33330.0,33380.0,33380.0,33380.0
Dominican Republic,DOM,CO2 emissions (kt),EN.ATM.CO2E.KT,7860.0,8230.0,9620.0,9520.0,11140.0,11850.0,12730.0,14500.0,16610.0,17790.0,18660.0,18970.0,20870.0,18720.0,17250.0,18660.0,20320.0,20580.0,20540.0,19630.0,20640.0,20870.0,21640.0,21250.0,21320.0,23450.0,24460.0,23390.0,25120.0,25120.0,25120.0
Algeria,DZA,CO2 emissions (kt),EN.ATM.CO2E.KT,67890.0,66940.0,66160.0,73470.0,71550.0,73050.0,71410.0,72830.0,74540.0,77540.0,78590.0,74770.0,80410.0,83840.0,84890.0,88990.0,93750.0,100520.0,103990.0,112770.0,113140.0,118140.0,126640.0,129910.0,138810.0,145970.0,143350.0,145100.0,151670.0,151670.0,151670.0
East Asia & Pacific (excluding high income),EAP,CO2 emissions (kt),EN.ATM.CO2E.KT,2671323.18581045,2825502.41610503,2955998.69249864,3213174.23896728,3362833.28597705,3745146.39711214,3766727.70171936,3871034.00711942,3956429.16932566,3911576.45794318,4130609.69867877,4355403.28763203,4671022.36705925,5331428.2539169,6097776.68934994,6827454.24262081,7467099.63005968,8062943.96381154,8302969.73792014,8812611.99797747,9644902.01971465,10505942.7330843,10794379.6717816,11202249.4835804,11235090.2736051,11228610.1177171,11254610.7431934,11507916.8367761,11907866.4580451,11907866.4580451,11907866.4580451
Early-demographic dividend,EAR,CO2 emissions (kt),EN.ATM.CO2E.KT,2596070.24706693,2734404.4699889,2812463.37860902,2908078.54403434,3044959.09652733,3189027.55487052,3352367.2092606,3498888.36528249,3612283.08612561,3722023.78797803,3860085.63976115,3946740.95040105,4077905.21565103,4242135.85001419,4471307.91230259,4665020.97386474,4910871.38036826,5228350.57010058,5445259.14399551,5611922.45401549,5871397.84639943,6097436.46226567,6382099.55815815,6455620.42245337,6786314.14661783,6852436.87383323,6961236.5406579,7207207.07929263,7400359.5242425,7400359.5242425,7400359.5242425
East Asia & Pacific,EAS,CO2 emissions (kt),EN.ATM.CO2E.KT,4545253.93044809,4749295.59640681,4928672.65458781,5231578.41045312,5481613.34347649,5936533.20525502,6012555.99357557,6141774.80225952,6137536.74423806,6171273.36452768,6487816.43580857,6734567.92288957,7102051.61236898,7805467.65905364,8640176.28567605,9406374.85800209,10068470.8765328,10757242.9122241,10956090.9583491,11446424.057105,12423292.8821388,13409665.6283473,13756716.1009153,14185336.6519105,14155188.4516276,14136568.7385092,14170430.3914366,14433707.8899407,14810056.8744746,14810056.8744746,14810056.8744746
Europe & Central Asia (excluding high income),ECA,CO2 emissions (kt),EN.ATM.CO2E.KT,4025750.576386,3903837.75250534,3598810.00191077,3269102.85182865,2898009.32154125,2811245.33764592,2724461.29735117,2579583.89613345,2555716.78082243,2540132.9584723,2601084.35631278,2591998.80737506,2621842.72971353,2716107.80699232,2735171.414642,2737237.22378236,2866315.41264781,2912541.45761608,2973768.67087342,2725352.53066891,2877298.23191623,3042250.95817305,3033362.49038921,2973728.58759142,2886246.82462307,2807994.23733557,2837305.1372992,2893251.37815284,2949087.38998098,2949087.38998098,2949087.38998098
Europe & Central Asia,ECS,CO2 emissions (kt),EN.ATM.CO2E.KT,7974744.74158438,7873341.83232611,7459866.0099771,7063801.59409825,6681522.0431808,6630810.5704812,6660383.91449725,6437000.97924325,6427774.33634394,6376792.37574175,6444224.00804934,6499102.99806286,6509151.1227404,6701217.56971723,6730269.97406904,6710554.41139168,6844736.25562898,6835622.54625027,6808431.64409291,6281559.09135102,6542802.06843192,6555060.50829955,6516141.96473289,6383963.13354585,6107967.96534974,6069600.2503719,6089580.3055483,6148128.37700757,6142069.26253052,6142069.26253052,6142069.26253052
Ecuador,ECU,CO2 emissions (kt),EN.ATM.CO2E.KT,15600.0,16160.0,17210.0,16140.0,17030.0,19780.0,22490.0,23550.0,23380.0,20720.0,21370.0,23420.0,23590.0,23960.0,25420.0,27150.0,29110.0,29580.0,30280.0,32430.0,34650.0,35500.0,36630.0,39430.0,41200.0,40720.0,39010.0,37760.0,39530.0,39530.0,39530.0
"Egypt, Arab Rep.",EGY,CO2 emissions (kt),EN.ATM.CO2E.KT,86820.0,89390.0,92300.0,91830.0,86430.0,91870.0,96770.0,103960.0,109270.0,114670.0,112860.0,125010.0,127740.0,131240.0,142690.0,160590.0,169130.0,182230.0,189120.0,195490.0,196500.0,201610.0,212410.0,210430.0,216650.0,225950.0,233960.0,238690.0,246260.0,246260.0,246260.0
Euro area,EMU,CO2 emissions (kt),EN.ATM.CO2E.KT,2622870.0,2638010.0,2563960.0,2510690.0,2509020.0,2558270.0,2615430.0,2587240.0,2629090.0,2614010.0,2632530.0,2679680.0,2684280.0,2741390.0,2754840.0,2746350.0,2730260.0,2693450.0,2636270.0,2438490.0,2501370.0,2408310.0,2379020.0,2332350.0,2208030.0,2256340.0,2253030.0,2256530.0,2207420.0,2207420.0,2207420.0
Eritrea,ERI,CO2 emissions (kt),EN.ATM.CO2E.KT,0.0,0.0,440.0,630.0,730.0,800.0,870.0,830.0,610.0,650.0,640.0,700.0,680.0,690.0,680.0,600.0,520.0,510.0,450.0,470.0,500.0,580.0,630.0,650.0,680.0,650.0,660.0,720.0,800.0,800.0,800.0
Spain,ESP,CO2 emissions (kt),EN.ATM.CO2E.KT,215020.0,222210.0,232480.0,218110.0,228460.0,240580.0,230100.0,248610.0,256220.0,278310.0,293310.0,294790.0,312750.0,318660.0,335560.0,350500.0,341780.0,354680.0,324160.0,287490.0,273250.0,274400.0,269270.0,242800.0,240960.0,256280.0,247030.0,263440.0,258340.0,258340.0,258340.0
Estonia,EST,CO2 emissions (kt),EN.ATM.CO2E.KT,35020.0,31360.0,23780.0,18320.0,17880.0,16230.0,17210.0,16830.0,16260.0,15200.0,14820.0,15290.0,14860.0,16830.0,16920.0,17120.0,15890.0,19850.0,18290.0,14960.0,18880.0,18050.0,16780.0,19190.0,17820.0,15370.0,15650.0,16280.0,16000.0,16000.0,16000.0
Ethiopia,ETH,CO2 emissions (kt),EN.ATM.CO2E.KT,2310.0,2330.0,1520.0,1940.0,2260.0,2570.0,2870.0,3060.0,3230.0,3180.0,3560.0,4400.0,4570.0,5020.0,5330.0,5050.0,5400.0,6070.0,6880.0,6930.0,6470.0,7540.0,8460.0,10280.0,12330.0,12880.0,14950.0,15460.0,16280.0,16280.0,16280.0
European Union,EUU,CO2 emissions (kt),EN.ATM.CO2E.KT,3562660.0,3523680.0,3409310.0,3348670.0,3336380.0,3389850.0,3487250.0,3418590.0,3410320.0,3355390.0,3362290.0,3418140.0,3411220.0,3503750.0,3508990.0,3489300.0,3497050.0,3456800.0,3379180.0,3129340.0,3215040.0,3117130.0,3057640.0,2983560.0,2838990.0,2896820.0,2904100.0,2926600.0,2871000.0,2871000.0,2871000.0
Fragile and conflict affected situations,FCS,CO2 emissions (kt),EN.ATM.CO2E.KT,446918.890626661,450609.140386868,446530.443283482,479756.10548231,487381.165286465,499140.293659138,520137.278956523,543706.573585431,504315.535052319,481307.657142593,503213.116767381,531059.38603878,538102.613970329,528530.993696417,543194.552687473,605644.783046042,589593.441158129,583572.912414411,619369.547724519,626665.612219025,671707.330650842,678687.062279153,723565.512134869,745929.338519784,772835.180645897,731376.557142715,733331.864367626,745603.453982299,771602.929738531,771602.929738531,771602.929738531
Finland,FIN,CO2 emissions (kt),EN.ATM.CO2E.KT,54560.0,55130.0,52280.0,53460.0,59930.0,56090.0,62570.0,60620.0,57270.0,56510.0,55100.0,61090.0,63440.0,71710.0,67680.0,55460.0,67020.0,65100.0,56660.0,54180.0,62530.0,55120.0,49410.0,50190.0,46160.0,42820.0,45710.0,43010.0,44360.0,44360.0,44360.0
Fiji,FJI,CO2 emissions (kt),EN.ATM.CO2E.KT,730.0,730.0,760.0,750.0,750.0,760.0,820.0,800.0,780.0,800.0,850.0,1080.0,920.0,1080.0,1460.0,1280.0,1370.0,1260.0,960.0,970.0,1160.0,1110.0,1030.0,1130.0,1310.0,1510.0,1740.0,1810.0,1900.0,1900.0,1900.0
France,FRA,CO2 emissions (kt),EN.ATM.CO2E.KT,356540.0,380690.0,368660.0,349530.0,344480.0,352280.0,367960.0,359140.0,381180.0,375000.0,373240.0,376860.0,371170.0,376840.0,377950.0,380820.0,371600.0,362910.0,358210.0,343880.0,347940.0,333530.0,336330.0,336630.0,304530.0,310520.0,312710.0,316360.0,309960.0,309960.0,309960.0
Faroe Islands,FRO,CO2 emissions (kt),EN.ATM.CO2E.KT,Unknown,Unknown,Unknown,Unknown,Unknown,Unknown,Unknown,Unknown,Unknown,Unknown,Unknown,Unknown,Unknown,Unknown,Unknown,Unknown,Unknown,Unknown,Unknown,Unknown,Unknown,Unknown,Unknown,Unknown,Unknown,Unknown,Unknown,Unknown,Unknown,Unknown,Unknown
"Micronesia, Fed. Sts.",FSM,CO2 emissions (kt),EN.ATM.CO2E.KT,0.0,0.0,110.0,110.0,110.0,120.0,120.0,130.0,130.0,130.0,130.0,150.0,140.0,160.0,160.0,160.0,140.0,140.0,120.0,130.0,110.0,120.0,130.0,140.0,140.0,150.0,170.0,170.0,180.0,180.0,180.0
Gabon,GAB,CO2 emissions (kt),EN.ATM.CO2E.KT,4130.0,4350.0,4610.0,4700.0,4440.0,4610.0,4720.0,4830.0,4930.0,4820.0,4670.0,4580.0,4330.0,4390.0,4430.0,4630.0,4040.0,4050.0,4130.0,4200.0,4770.0,5640.0,5830.0,5700.0,5500.0,5480.0,5710.0,4700.0,4610.0,4610.0,4610.0
United Kingdom,GBR,CO2 emissions (kt),EN.ATM.CO2E.KT,556690.0,570340.0,552980.0,540520.0,535390.0,524290.0,544660.0,522330.0,525030.0,522360.0,530120.0,544480.0,530230.0,542080.0,542320.0,540600.0,541640.0,529160.0,514410.0,465120.0,481790.0,444420.0,467080.0,453060.0,414850.0,400370.0,378890.0,366380.0,358800.0,358800.0,358800.0
Georgia,GEO,CO2 emissions (kt),EN.ATM.CO2E.KT,33490.0,25510.0,20070.0,16090.0,10440.0,8180.0,6360.0,5520.0,4990.0,4520.0,4770.0,3520.0,2960.0,3160.0,3370.0,4240.0,4700.0,5630.0,4840.0,5620.0,5320.0,6520.0,7190.0,7840.0,8470.0,9200.0,9650.0,9630.0,9460.0,9460.0,9460.0
Ghana,GHA,CO2 emissions (kt),EN.ATM.CO2E.KT,2790.0,2560.0,3080.0,3190.0,3460.0,3710.0,4090.0,4290.0,6100.0,6580.0,5740.0,6210.0,7420.0,7130.0,6620.0,7020.0,8430.0,9050.0,8560.0,9950.0,11150.0,12210.0,14220.0,15010.0,14370.0,15130.0,14110.0,14780.0,16110.0,16110.0,16110.0
Gibraltar,GIB,CO2 emissions (kt),EN.ATM.CO2E.KT,Unknown,Unknown,Unknown,Unknown,Unknown,Unknown,Unknown,Unknown,Unknown,Unknown,Unknown,Unknown,Unknown,Unknown,Unknown,Unknown,Unknown,Unknown,Unknown,Unknown,Unknown,Unknown,Unknown,Unknown,Unknown,Unknown,Unknown,Unknown,Unknown,Unknown,Unknown
Guinea,GIN,CO2 emissions (kt),EN.ATM.CO2E.KT,1000.0,1020.0,1050.0,1080.0,1120.0,1160.0,1230.0,1290.0,1360.0,1430.0,1490.0,1570.0,1630.0,1700.0,1770.0,1840.0,1900.0,1980.0,2010.0,2120.0,2500.0,2620.0,2490.0,2180.0,2240.0,2540.0,2830.0,2970.0,3120.0,3120.0,3120.0
"Gambia, The",GMB,CO2 emissions (kt),EN.ATM.CO2E.KT,190.0,200.0,200.0,210.0,210.0,220.0,220.0,230.0,250.0,260.0,240.0,310.0,300.0,300.0,320.0,340.0,360.0,400.0,430.0,480.0,440.0,450.0,460.0,440.0,520.0,530.0,530.0,540.0,570.0,570.0,570.0
Guinea-Bissau,GNB,CO2 emissions (kt),EN.ATM.CO2E.KT,170.0,170.0,180.0,190.0,180.0,180.0,180.0,200.0,170.0,190.0,150.0,150.0,150.0,200.0,210.0,210.0,220.0,230.0,220.0,230.0,240.0,250.0,250.0,260.0,280.0,280.0,300.0,300.0,310.0,310.0,310.0
Equatorial Guinea,GNQ,CO2 emissions (kt),EN.ATM.CO2E.KT,60.0,70.0,70.0,990.0,990.0,1000.0,1510.0,1630.0,1610.0,1820.0,2350.0,2730.0,4030.0,5160.0,7250.0,8090.0,9160.0,7550.0,8980.0,9660.0,9520.0,9710.0,10010.0,9350.0,8090.0,7140.0,5600.0,5630.0,6670.0,6670.0,6670.0
Greece,GRC,CO2 emissions (kt),EN.ATM.CO2E.KT,75620.0,75820.0,78180.0,78090.0,79730.0,82840.0,82760.0,83760.0,87130.0,87400.0,94460.0,96610.0,96600.0,100220.0,99850.0,101950.0,100700.0,104310.0,100410.0,94740.0,87580.0,84550.0,80090.0,72480.0,69550.0,68010.0,66850.0,66800.0,65290.0,65290.0,65290.0
Grenada,GRD,CO2 emissions (kt),EN.ATM.CO2E.KT,110.0,120.0,160.0,150.0,160.0,170.0,190.0,200.0,230.0,220.0,210.0,230.0,240.0,250.0,230.0,250.0,260.0,280.0,290.0,810.0,290.0,290.0,420.0,320.0,250.0,270.0,280.0,290.0,300.0,300.0,300.0
Greenland,GRL,CO2 emissions (kt),EN.ATM.CO2E.KT,Unknown,Unknown,Unknown,Unknown,Unknown,Unknown,Unknown,Unknown,Unknown,Unknown,Unknown,Unknown,Unknown,Unknown,Unknown,Unknown,Unknown,Unknown,Unknown,Unknown,Unknown,Unknown,Unknown,Unknown,Unknown,Unknown,Unknown,Unknown,Unknown,Unknown,Unknown
Guatemala,GTM,CO2 emissions (kt),EN.ATM.CO2E.KT,3930.0,4030.0,4830.0,5110.0,5430.0,6350.0,6190.0,6550.0,8290.0,8200.0,9420.0,9810.0,10470.0,10540.0,10750.0,11520.0,11510.0,12410.0,11240.0,11850.0,11450.0,11740.0,12150.0,13010.0,13950.0,16340.0,17460.0,16510.0,18210.0,18210.0,18210.0
Guam,GUM,CO2 emissions (kt),EN.ATM.CO2E.KT,Unknown,Unknown,Unknown,Unknown,Unknown,Unknown,Unknown,Unknown,Unknown,Unknown,Unknown,Unknown,Unknown,Unknown,Unknown,Unknown,Unknown,Unknown,Unknown,Unknown,Unknown,Unknown,Unknown,Unknown,Unknown,Unknown,Unknown,Unknown,Unknown,Unknown,Unknown
Guyana,GUY,CO2 emissions (kt),EN.ATM.CO2E.KT,1180.0,1150.0,1080.0,1090.0,1410.0,1530.0,1580.0,1720.0,1750.0,1740.0,1660.0,1640.0,1620.0,1620.0,1670.0,1480.0,1330.0,1600.0,1600.0,1620.0,1760.0,1830.0,2000.0,1980.0,2060.0,2050.0,2310.0,2320.0,2440.0,2440.0,2440.0
High income,HIC,CO2 emissions (kt),EN.ATM.CO2E.KT,11460760.0622572,11517434.7440455,11538398.5671777,11643317.7439626,11843229.7956201,12015625.4046045,12383642.5384444,12608798.3784356,12613771.7206669,12705533.9613441,12997901.2603831,13062911.404017,12973095.6968771,13194725.3556962,13345240.2971179,13397664.2160477,13335232.465005,13505864.9834032,13237467.563315,12497886.731913,13023889.0117966,12779818.1652863,12635662.5795046,12733610.9241457,12533637.7248378,12490171.9366894,12388259.1860484,12320925.4316999,12366368.3272107,12366368.3272107,12366368.3272107
"Hong Kong SAR, China",HKG,CO2 emissions (kt),EN.ATM.CO2E.KT,Unknown,Unknown,Unknown,Unknown,Unknown,Unknown,Unknown,Unknown,Unknown,Unknown,Unknown,Unknown,Unknown,Unknown,Unknown,Unknown,Unknown,Unknown,Unknown,Unknown,Unknown,Unknown,Unknown,Unknown,Unknown,Unknown,Unknown,Unknown,Unknown,Unknown,Unknown
Honduras,HND,CO2 emissions (kt),EN.ATM.CO2E.KT,2460.0,2460.0,2740.0,2910.0,3270.0,3880.0,3930.0,4070.0,4710.0,4780.0,5040.0,5850.0,6130.0,6770.0,7610.0,7030.0,8030.0,8610.0,8650.0,8150.0,8210.0,8780.0,9140.0,9340.0,9460.0,9870.0,9400.0,9000.0,9770.0,9770.0,9770.0
Heavily indebted poor countries (HIPC),HPC,CO2 emissions (kt),EN.ATM.CO2E.KT,54317.307039064,53893.8195886016,53430.0,58010.0,62240.0,64980.0,66940.0,71390.0,75730.0,77890.0,79050.0,82780.0,87790.0,91840.0,97010.0,103480.0,112740.0,121540.0,128480.0,135980.0,146550.0,157750.0,164190.0,169460.0,179610.0,188990.0,197520.0,204450.0,211980.0,211980.0,211980.0
Croatia,HRV,CO2 emissions (kt),EN.ATM.CO2E.KT,20330.0,14630.0,14960.0,15490.0,14830.0,15400.0,15340.0,17050.0,18470.0,18510.0,18050.0,19200.0,20280.0,21610.0,21110.0,21470.0,21620.0,22890.0,21740.0,20320.0,19460.0,19040.0,17460.0,17040.0,16340.0,16680.0,16940.0,17480.0,16580.0,16580.0,16580.0
Haiti,HTI,CO2 emissions (kt),EN.ATM.CO2E.KT,1020.0,1000.0,900.0,700.0,190.0,900.0,1060.0,1270.0,1310.0,1380.0,1470.0,1600.0,1830.0,1810.0,1670.0,1710.0,1720.0,2040.0,2030.0,1990.0,2460.0,2800.0,2500.0,2730.0,3060.0,3320.0,3400.0,3370.0,3330.0,3330.0,3330.0
Hungary,HUN,CO2 emissions (kt),EN.ATM.CO2E.KT,67420.0,64550.0,58000.0,58380.0,57780.0,57430.0,58460.0,56990.0,57350.0,57910.0,54630.0,56300.0,55630.0,58230.0,56390.0,55960.0,55460.0,53860.0,53030.0,47840.0,47880.0,46910.0,43430.0,40760.0,40630.0,43380.0,44480.0,46550.0,46390.0,46390.0,46390.0
IBRD only,IBD,CO2 emissions (kt),EN.ATM.CO2E.KT,8929720.30952364,9061579.14943692,8992417.32566994,9031023.06700145,8956021.91305198,9380375.02158938,9481820.10820219,9604718.38526994,9677669.23430414,9665027.35424118,10029521.56074,10330186.2747057,10748678.5116316,11610546.6861138,12603314.3275769,13515600.0,14452560.0,15353190.0,15854650.0,16275440.0,17496240.0,18689600.0,19263990.0,19763900.0,19941800.0,19845450.0,19902630.0,20344460.0,20938730.0,20938730.0,20938730.0
IDA & IBRD total,IBT,CO2 emissions (kt),EN.ATM.CO2E.KT,9350193.57130029,9491934.77250054,9425822.72036836,9465732.70189641,9382609.42960925,9812860.45194148,9931689.49400806,10063001.0409569,10156124.331189,10158346.557399,10533872.7568032,10856636.0987622,11287757.9935281,12157165.8662132,13178924.0678635,14120713.3616227,15084787.4142322,16011930.2825911,16526875.0958379,16937581.8917485,18196514.9197533,19417415.8338957,19985125.2009012,20501044.1792102,20703760.9472236,20620736.7416826,20724486.9753909,21220900.8697318,21860535.5217268,21860535.5217268,21860535.5217268
IDA total,IDA,CO2 emissions (kt),EN.ATM.CO2E.KT,418080.753097669,427979.219241527,431136.576134594,432424.004894742,424263.531257583,429869.42184311,447386.562768588,455800.467264043,476166.171036777,491230.101253942,502087.079223379,524206.524535527,536634.773826405,543536.01416662,572042.899742284,601137.556154559,627789.923400913,653864.653790597,667089.497614359,656519.756535291,694086.420178727,720951.601003854,713695.671365683,729482.982087283,754423.089864005,767965.184070425,814983.254246412,869798.90069809,915178.569633271,915178.569633271,915178.569633271
IDA blend,IDB,CO2 emissions (kt),EN.ATM.CO2E.KT,276634.874178646,287990.410605148,300176.35189808,308310.317637944,299566.054345643,296174.400734556,305148.77621876,305989.1859631,316394.258988264,325768.829588821,332532.127055178,344417.922010846,348680.0,345080.0,363280.0,373040.0,385540.0,395160.0,396420.0,377500.0,398410.0,414270.0,400120.0,415140.0,423580.0,424310.0,449690.0,474460.0,505410.0,505410.0,505410.0
Indonesia,IDN,CO2 emissions (kt),EN.ATM.CO2E.KT,147990.0,161840.0,170910.0,185480.0,196930.0,222840.0,234480.0,257670.0,261140.0,278990.0,280170.0,301830.0,306060.0,335370.0,343160.0,344400.0,364100.0,379980.0,377180.0,394490.0,416940.0,480460.0,486750.0,454320.0,490050.0,490840.0,494980.0,532920.0,583110.0,583110.0,583110.0
IDA only,IDX,CO2 emissions (kt),EN.ATM.CO2E.KT,139265.523635125,137618.750759387,128283.607020043,121258.576732205,121965.175988562,131099.763476538,139609.676259619,147249.14068342,157172.251979215,162794.324323272,166839.349051692,177018.474570804,185210.929716971,195871.361975921,206040.246926101,225446.125053584,239578.110180722,256075.666731316,268149.29750298,276843.540526849,293392.299922107,304298.505835442,311456.663519405,312058.04927499,328591.061064114,341495.372361914,363012.750837155,393010.68776403,407199.314404265,407199.314404265,407199.314404265
Isle of Man,IMN,CO2 emissions (kt),EN.ATM.CO2E.KT,Unknown,Unknown,Unknown,Unknown,Unknown,Unknown,Unknown,Unknown,Unknown,Unknown,Unknown,Unknown,Unknown,Unknown,Unknown,Unknown,Unknown,Unknown,Unknown,Unknown,Unknown,Unknown,Unknown,Unknown,Unknown,Unknown,Unknown,Unknown,Unknown,Unknown,Unknown
India,IND,CO2 emissions (kt),EN.ATM.CO2E.KT,562480.0,607340.0,630260.0,652470.0,687950.0,741100.0,776720.0,821480.0,839830.0,904090.0,940170.0,953880.0,987530.0,1015890.0,1087190.0,1137740.0,1214250.0,1336100.0,1423880.0,1568530.0,1665310.0,1760800.0,1908570.0,1966810.0,2136870.0,2150220.0,2183280.0,2301440.0,2434520.0,2434520.0,2434520.0
Not classified,INX,CO2 emissions (kt),EN.ATM.CO2E.KT,Unknown,Unknown,Unknown,Unknown,Unknown,Unknown,Unknown,Unknown,Unknown,Unknown,Unknown,Unknown,Unknown,Unknown,Unknown,Unknown,Unknown,Unknown,Unknown,Unknown,Unknown,Unknown,Unknown,Unknown,Unknown,Unknown,Unknown,Unknown,Unknown,Unknown,Unknown
Ireland,IRL,CO2 emissions (kt),EN.ATM.CO2E.KT,31000.0,31510.0,31590.0,31720.0,32910.0,33520.0,34980.0,36150.0,38670.0,40280.0,42620.0,44910.0,44040.0,44220.0,44860.0,46780.0,47810.0,47020.0,46350.0,41020.0,40630.0,36360.0,37100.0,35720.0,35550.0,36990.0,38710.0,37530.0,37110.0,37110.0,37110.0
"Iran, Islamic Rep.",IRN,CO2 emissions (kt),EN.ATM.CO2E.KT,179240.0,217670.0,233400.0,231280.0,261180.0,272400.0,280240.0,291410.0,292830.0,326410.0,340750.0,351010.0,368720.0,390680.0,419710.0,451200.0,490770.0,523740.0,534090.0,551430.0,550890.0,561730.0,571120.0,592480.0,610670.0,602230.0,605760.0,620780.0,629290.0,629290.0,629290.0
Iraq,IRQ,CO2 emissions (kt),EN.ATM.CO2E.KT,64850.0,46770.0,67390.0,88770.0,99730.0,96100.0,98220.0,115790.0,81460.0,64610.0,74570.0,84300.0,79410.0,72080.0,75290.0,88230.0,83890.0,77470.0,86040.0,107520.0,120230.0,131030.0,151860.0,162550.0,168840.0,162190.0,172350.0,174290.0,188140.0,188140.0,188140.0
Iceland,ISL,CO2 emissions (kt),EN.ATM.CO2E.KT,1950.0,1910.0,1950.0,1980.0,2090.0,2000.0,2270.0,2150.0,2150.0,2120.0,2230.0,2160.0,2240.0,2230.0,2320.0,2290.0,2330.0,2380.0,2180.0,2110.0,1960.0,1890.0,1860.0,2030.0,2050.0,2060.0,2070.0,2170.0,2200.0,2200.0,2200.0
Israel,ISR,CO2 emissions (kt),EN.ATM.CO2E.KT,33800.0,34520.0,36860.0,40500.0,43360.0,46770.0,48730.0,50970.0,51500.0,52980.0,57000.0,57950.0,61080.0,62890.0,63160.0,60990.0,64330.0,66590.0,66700.0,65720.0,70510.0,69820.0,76060.0,67000.0,64710.0,66140.0,65260.0,66040.0,61970.0,61970.0,61970.0
Italy,ITA,CO2 emissions (kt),EN.ATM.CO2E.KT,405260.0,404070.0,402270.0,396930.0,392290.0,416420.0,412150.0,415520.0,426370.0,433010.0,436300.0,436570.0,443470.0,462200.0,472410.0,473830.0,466650.0,459370.0,444980.0,397060.0,405270.0,396690.0,376750.0,346450.0,327490.0,337860.0,333340.0,329190.0,324850.0,324850.0,324850.0
Jamaica,JAM,CO2 emissions (kt),EN.ATM.CO2E.KT,7470.0,7400.0,8150.0,8320.0,8380.0,8680.0,9040.0,9200.0,9720.0,9980.0,10060.0,10080.0,10250.0,10590.0,10570.0,10560.0,12060.0,12020.0,9620.0,7880.0,7480.0,7600.0,7110.0,7580.0,7400.0,7290.0,7750.0,7190.0,8510.0,8510.0,8510.0
Jordan,JOR,CO2 emissions (kt),EN.ATM.CO2E.KT,9930.0,9780.0,11920.0,12200.0,12990.0,13600.0,13870.0,14370.0,14610.0,14630.0,16270.0,16250.0,16870.0,17310.0,18580.0,19870.0,20170.0,21090.0,20010.0,20660.0,20200.0,20760.0,24120.0,23800.0,25590.0,25360.0,24860.0,26100.0,24700.0,24700.0,24700.0
Japan,JPN,CO2 emissions (kt),EN.ATM.CO2E.KT,1092560.0,1105660.0,1117470.0,1109660.0,1162940.0,1172790.0,1186230.0,1173990.0,1131250.0,1165890.0,1182950.0,1170620.0,1206970.0,1215780.0,1211090.0,1213820.0,1190260.0,1226360.0,1159620.0,1101210.0,1156080.0,1212170.0,1252220.0,1260900.0,1219820.0,1181500.0,1171390.0,1151930.0,1106150.0,1106150.0,1106150.0
Kazakhstan,KAZ,CO2 emissions (kt),EN.ATM.CO2E.KT,237570.0,247530.0,255650.0,218350.0,196060.0,172480.0,149900.0,126810.0,130320.0,118250.0,114680.0,111870.0,121460.0,136300.0,150220.0,162480.0,180210.0,189110.0,232010.0,204220.0,223570.0,242190.0,241490.0,256340.0,205230.0,206640.0,223020.0,225560.0,220450.0,220450.0,220450.0
Kenya,KEN,CO2 emissions (kt),EN.ATM.CO2E.KT,6140.0,5890.0,5950.0,5860.0,5870.0,6370.0,6970.0,6640.0,7160.0,7490.0,8230.0,7610.0,7420.0,6530.0,7430.0,8330.0,9300.0,9370.0,9910.0,11710.0,12640.0,13030.0,12130.0,14100.0,15030.0,17090.0,18770.0,18890.0,18400.0,18400.0,18400.0
Kyrgyz Republic,KGZ,CO2 emissions (kt),EN.ATM.CO2E.KT,22760.0,20420.0,13800.0,10110.0,6550.0,4600.0,5770.0,5690.0,6030.0,4790.0,4670.0,3970.0,4970.0,5590.0,5560.0,5300.0,5320.0,6470.0,7510.0,6760.0,6350.0,7620.0,10060.0,9380.0,9710.0,10270.0,9700.0,9340.0,11000.0,11000.0,11000.0
Cambodia,KHM,CO2 emissions (kt),EN.ATM.CO2E.KT,1260.0,1300.0,1350.0,1380.0,1470.0,1510.0,1610.0,1700.0,1940.0,1910.0,1960.0,2150.0,2210.0,2380.0,2380.0,2640.0,2950.0,3600.0,3940.0,4730.0,4920.0,5190.0,5420.0,5580.0,6630.0,8580.0,9900.0,11370.0,11160.0,11160.0,11160.0
Kiribati,KIR,CO2 emissions (kt),EN.ATM.CO2E.KT,20.0,20.0,20.0,30.0,30.0,30.0,30.0,30.0,30.0,30.0,40.0,30.0,40.0,50.0,50.0,70.0,70.0,60.0,60.0,60.0,50.0,50.0,60.0,60.0,60.0,60.0,80.0,80.0,80.0,80.0,80.0
St. Kitts and Nevis,KNA,CO2 emissions (kt),EN.ATM.CO2E.KT,110.0,110.0,150.0,140.0,150.0,150.0,150.0,160.0,180.0,180.0,190.0,210.0,230.0,230.0,240.0,220.0,230.0,250.0,250.0,700.0,240.0,260.0,350.0,230.0,230.0,240.0,250.0,240.0,260.0,260.0,260.0
"Korea, Rep.",KOR,CO2 emissions (kt),EN.ATM.CO2E.KT,249250.0,274040.0,296210.0,326630.0,353230.0,384310.0,408880.0,430480.0,365670.0,400940.0,455690.0,470520.0,461940.0,464610.0,484900.0,480080.0,486940.0,501500.0,513190.0,525390.0,574260.0,597290.0,598960.0,597640.0,586000.0,606510.0,614780.0,625350.0,630870.0,630870.0,630870.0
Kuwait,KWT,CO2 emissions (kt),EN.ATM.CO2E.KT,29250.0,35750.0,23010.0,29260.0,33750.0,33800.0,32940.0,34050.0,39890.0,43730.0,47170.0,50820.0,53390.0,55630.0,59490.0,67250.0,69670.0,68740.0,72910.0,75040.0,78250.0,81160.0,83590.0,85260.0,83580.0,88040.0,89880.0,89720.0,89460.0,89460.0,89460.0
Latin America & Caribbean (excluding high income),LAC,CO2 emissions (kt),EN.ATM.CO2E.KT,730330.0,756650.0,772120.0,796090.0,841170.0,854470.0,915350.0,971060.0,1016750.0,1007260.0,1045530.0,1046680.0,1043740.0,1065120.0,1109240.0,1143950.0,1182150.0,1231290.0,1272910.0,1236790.0,1312820.0,1365790.0,1406200.0,1443720.0,1463440.0,1465780.0,1442170.0,1421350.0,1408370.0,1408370.0,1408370.0
Lao PDR,LAO,CO2 emissions (kt),EN.ATM.CO2E.KT,510.0,550.0,590.0,610.0,630.0,670.0,750.0,790.0,820.0,850.0,900.0,1000.0,1110.0,1150.0,1210.0,1260.0,1640.0,1730.0,2050.0,2540.0,2880.0,3040.0,3270.0,3910.0,4420.0,8660.0,15360.0,18510.0,18790.0,18790.0,18790.0
Lebanon,LBN,CO2 emissions (kt),EN.ATM.CO2E.KT,5620.0,7040.0,7020.0,10330.0,11270.0,13300.0,14120.0,16130.0,16250.0,17030.0,15670.0,16890.0,16840.0,17410.0,17880.0,17280.0,16230.0,15050.0,18660.0,21920.0,20880.0,21180.0,23480.0,23240.0,24940.0,27050.0,27810.0,29280.0,27710.0,27710.0,27710.0
Liberia,LBR,CO2 emissions (kt),EN.ATM.CO2E.KT,450.0,370.0,400.0,420.0,420.0,420.0,430.0,450.0,490.0,400.0,430.0,450.0,450.0,480.0,560.0,670.0,690.0,640.0,540.0,540.0,730.0,850.0,950.0,910.0,1220.0,1260.0,1410.0,1260.0,1320.0,1320.0,1320.0
Libya,LBY,CO2 emissions (kt),EN.ATM.CO2E.KT,36090.0,33320.0,30300.0,30840.0,35910.0,37490.0,39400.0,38940.0,39900.0,38060.0,39870.0,41430.0,43600.0,44280.0,45490.0,49130.0,49370.0,46290.0,51470.0,53810.0,57230.0,38050.0,52300.0,54990.0,59700.0,53840.0,51180.0,56810.0,58940.0,58940.0,58940.0
St. Lucia,LCA,CO2 emissions (kt),EN.ATM.CO2E.KT,170.0,180.0,270.0,260.0,280.0,310.0,320.0,320.0,360.0,370.0,360.0,420.0,380.0,430.0,420.0,380.0,410.0,320.0,320.0,1050.0,400.0,380.0,520.0,320.0,360.0,380.0,350.0,370.0,390.0,390.0,390.0
Latin America & Caribbean,LCN,CO2 emissions (kt),EN.ATM.CO2E.KT,899521.560010083,924182.417785927,944563.712031833,974815.448528499,1024289.64259076,1048116.95117549,1130638.32109483,1199782.24302034,1244844.72551017,1233591.81143026,1274171.42570939,1276987.19553787,1283696.25000286,1298313.8565493,1354314.13086386,1409297.88177464,1445292.97550269,1505460.99577278,1563575.63876721,1531575.48201604,1613466.60742502,1675332.22177943,1734371.90107131,1778631.33007214,1790321.34921568,1782849.90219785,1747810.34046936,1713340.03184698,1689187.43577303,1689187.43577303,1689187.43577303
Least developed countries: UN classification,LDC,CO2 emissions (kt),EN.ATM.CO2E.KT,68556.1550595224,67971.7822707692,67459.1745613365,67540.6469943816,71247.6426979333,83794.3973868775,87501.3930904292,93184.0952953244,96055.9985601639,102624.713474424,107350.11459104,115558.462220333,120833.802260003,135386.333065765,143104.97099838,150762.592030343,160932.075472525,173857.488927538,184545.616025271,201213.399387007,217047.285106483,229443.885422503,239989.639752045,258124.571461542,277684.823890682,288955.977099205,310386.331181776,331230.383124353,338640.029134978,338640.029134978,338640.029134978
Low income,LIC,CO2 emissions (kt),EN.ATM.CO2E.KT,190153.091954135,186021.58009998,170241.068657043,159759.134493445,155080.990477574,153315.068564298,147903.705508411,143277.196636203,141211.790889682,148574.962376031,156041.404149707,163435.556722254,162960.513400554,170261.722714508,176943.310304505,195294.440362349,204351.244560847,199022.497734821,214843.505753176,200406.31958499,200912.343992888,185401.146836511,175662.758741662,156787.615063905,163116.881907559,147652.168422256,156142.398541008,152609.069963241,149413.711945085,149413.711945085,149413.711945085
Liechtenstein,LIE,CO2 emissions (kt),EN.ATM.CO2E.KT,200.0,210.0,210.0,210.0,200.0,200.0,210.0,220.0,230.0,230.0,220.0,210.0,220.0,230.0,230.0,230.0,230.0,200.0,220.0,210.0,190.0,180.0,190.0,190.0,160.0,160.0,150.0,160.0,140.0,140.0,140.0
Sri Lanka,LKA,CO2 emissions (kt),EN.ATM.CO2E.KT,3840.0,3980.0,5250.0,5090.0,5770.0,5820.0,8360.0,8340.0,8610.0,9500.0,10930.0,10850.0,11380.0,12410.0,12870.0,13980.0,12410.0,13590.0,12810.0,12290.0,13070.0,15420.0,16830.0,14480.0,17600.0,20360.0,21930.0,23310.0,21630.0,21630.0,21630.0
Lower middle income,LMC,CO2 emissions (kt),EN.ATM.CO2E.KT,2213573.21729434,2288300.5137242,2273781.89579354,2254905.6015511,2238714.4701839,2340520.21636092,2369065.10080717,2462655.05012707,2495848.87328271,2631700.08009445,2692296.59154791,2775456.48656506,2867914.25900099,2994700.52081348,3137917.40051395,3260696.19454889,3439900.13489183,3678144.09426765,3796644.91645004,3945382.0830141,4149853.10769455,4380573.046318,4570086.19751872,4652369.52966142,4913355.86867488,4967186.17959693,5095344.99912323,5308121.50077267,5608350.96799786,5608350.96799786,5608350.96799786
Low & middle income,LMY,CO2 emissions (kt),EN.ATM.CO2E.KT,8990535.94970945,9124757.29155323,9044809.3074902,9067133.49002051,8978828.27810047,9394544.81846307,9470210.6771515,9593920.09958956,9706762.88315575,9726422.98647877,10119645.0836098,10443490.9526622,10866408.5191528,11732310.8321217,12740999.5441468,13668094.5974001,14624393.2788482,15529161.4414979,16041642.7650631,16450672.5165904,17682588.3763145,18883932.3989046,19446572.3638731,19948742.9084961,20175506.6731331,20092679.3732224,20201900.8658996,20687299.6833284,21334207.7303944,21334207.7303944,21334207.7303944
Lesotho,LSO,CO2 emissions (kt),EN.ATM.CO2E.KT,1390.0,1450.0,1500.0,1540.0,1580.0,1610.0,1640.0,1670.0,1710.0,1720.0,1750.0,1770.0,1800.0,1820.0,1870.0,1900.0,1920.0,1960.0,2010.0,2100.0,2160.0,2210.0,2280.0,2290.0,2310.0,2230.0,2270.0,2440.0,2570.0,2570.0,2570.0
Late-demographic dividend,LTE,CO2 emissions (kt),EN.ATM.CO2E.KT,6299585.59887804,6399659.92410858,6296775.25798833,6308651.21465132,6203621.01946472,6517442.41881625,6524856.0779375,6492240.00696654,6553372.47599766,6494415.75475213,6750025.82793282,6992823.16415394,7319437.1546522,8023392.2923534,8860360.15926137,9638159.77388909,10397376.5566956,11030436.5421575,11394485.5616523,11682751.8797806,12689095.7999736,13652799.9915837,13992356.8476601,14433608.5500354,14360887.3690962,14305417.4529332,14285376.5790834,14543128.4008475,14912796.9216529,14912796.9216529,14912796.9216529
Lithuania,LTU,CO2 emissions (kt),EN.ATM.CO2E.KT,32220.0,34290.0,19980.0,15740.0,14810.0,13740.0,14230.0,13920.0,14710.0,12250.0,10510.0,11150.0,11220.0,11230.0,11910.0,12830.0,13020.0,13210.0,13060.0,11690.0,12600.0,11840.0,11930.0,11330.0,10860.0,11070.0,11200.0,11220.0,11590.0,11590.0,11590.0
Luxembourg,LUX,CO2 emissions (kt),EN.ATM.CO2E.KT,11320.0,11780.0,11460.0,11670.0,10840.0,8680.0,8760.0,8270.0,7590.0,7950.0,8580.0,9140.0,9840.0,10260.0,11680.0,11940.0,11740.0,11140.0,11040.0,10460.0,11060.0,10930.0,10690.0,10150.0,9650.0,9130.0,8860.0,9000.0,9320.0,9320.0,9320.0
Latvia,LVA,CO2 emissions (kt),EN.ATM.CO2E.KT,18780.0,17200.0,13970.0,11760.0,10220.0,9000.0,9010.0,8530.0,8130.0,7550.0,6930.0,7360.0,7350.0,7590.0,7620.0,7720.0,8200.0,8530.0,8110.0,7360.0,8520.0,7900.0,7570.0,7450.0,7280.0,7320.0,7150.0,7120.0,7630.0,7630.0,7630.0
"Macao SAR, China",MAC,CO2 emissions (kt),EN.ATM.CO2E.KT,Unknown,Unknown,Unknown,Unknown,Unknown,Unknown,Unknown,Unknown,Unknown,Unknown,Unknown,Unknown,Unknown,Unknown,Unknown,Unknown,Unknown,Unknown,Unknown,Unknown,Unknown,Unknown,Unknown,Unknown,Unknown,Unknown,Unknown,Unknown,Unknown,Unknown,Unknown
St. Martin (French part),MAF,CO2 emissions (kt),EN.ATM.CO2E.KT,Unknown,Unknown,Unknown,Unknown,Unknown,Unknown,Unknown,Unknown,Unknown,Unknown,Unknown,Unknown,Unknown,Unknown,Unknown,Unknown,Unknown,Unknown,Unknown,Unknown,Unknown,Unknown,Unknown,Unknown,Unknown,Unknown,Unknown,Unknown,Unknown,Unknown,Unknown
Morocco,MAR,CO2 emissions (kt),EN.ATM.CO2E.KT,21730.0,23450.0,25260.0,25980.0,28130.0,29200.0,28890.0,30330.0,31050.0,32600.0,33290.0,36920.0,38270.0,38210.0,42170.0,44490.0,46190.0,47730.0,50180.0,50540.0,53660.0,57790.0,60150.0,59720.0,61160.0,63150.0,63080.0,65930.0,66680.0,66680.0,66680.0
Monaco,MCO,CO2 emissions (kt),EN.ATM.CO2E.KT,Unknown,Unknown,Unknown,Unknown,Unknown,Unknown,Unknown,Unknown,Unknown,Unknown,Unknown,Unknown,Unknown,Unknown,Unknown,Unknown,Unknown,Unknown,Unknown,Unknown,Unknown,Unknown,Unknown,Unknown,Unknown,Unknown,Unknown,Unknown,Unknown,Unknown,Unknown
Moldova,MDA,CO2 emissions (kt),EN.ATM.CO2E.KT,30530.0,24600.0,20320.0,17410.0,14140.0,12140.0,10400.0,9580.0,8650.0,7350.0,6710.0,7020.0,7180.0,7770.0,7780.0,8180.0,7980.0,8140.0,8150.0,7640.0,8300.0,8350.0,8140.0,7180.0,7710.0,8020.0,8140.0,8160.0,8590.0,8590.0,8590.0
Madagascar,MDG,CO2 emissions (kt),EN.ATM.CO2E.KT,890.0,950.0,960.0,1000.0,1210.0,1370.0,1310.0,1420.0,1630.0,1670.0,1650.0,1670.0,1120.0,1550.0,1650.0,1710.0,1640.0,1720.0,1780.0,1690.0,1870.0,2190.0,2740.0,2930.0,3050.0,3320.0,3220.0,3500.0,3370.0,3370.0,3370.0
Maldives,MDV,CO2 emissions (kt),EN.ATM.CO2E.KT,160.0,160.0,230.0,200.0,200.0,260.0,280.0,340.0,310.0,430.0,460.0,480.0,610.0,530.0,740.0,710.0,870.0,870.0,870.0,910.0,960.0,1010.0,1140.0,1130.0,1360.0,1350.0,1750.0,1820.0,1910.0,1910.0,1910.0
Middle East & North Africa,MEA,CO2 emissions (kt),EN.ATM.CO2E.KT,847589.536627642,914400.208207602,955837.07164434,1007337.17334428,1078221.29929599,1115775.33799907,1153349.44297984,1189197.84807898,1196532.0725759,1240768.18175086,1286168.13503203,1350731.38351033,1409355.01379141,1459139.44874858,1544912.75274874,1669805.26511206,1769544.69838678,1860354.63808797,1972254.23564486,2056000.84559799,2139556.82591304,2181023.78876632,2307912.89576013,2351557.04974313,2443881.99341017,2477603.37307382,2495121.2335001,2529043.27594068,2531611.75948543,2531611.75948543,2531611.75948543
Mexico,MEX,CO2 emissions (kt),EN.ATM.CO2E.KT,267700.0,286100.0,289760.0,300830.0,325980.0,306520.0,326080.0,349230.0,373120.0,360470.0,384480.0,382760.0,388740.0,407000.0,414190.0,432390.0,449710.0,462410.0,477410.0,461760.0,468940.0,480960.0,480710.0,469860.0,458320.0,472590.0,479250.0,471810.0,472140.0,472140.0,472140.0
Marshall Islands,MHL,CO2 emissions (kt),EN.ATM.CO2E.KT,0.0,0.0,80.0,90.0,90.0,90.0,90.0,90.0,100.0,100.0,100.0,110.0,120.0,110.0,130.0,140.0,140.0,140.0,130.0,140.0,140.0,140.0,140.0,140.0,150.0,150.0,180.0,180.0,190.0,190.0,190.0
Middle income,MIC,CO2 emissions (kt),EN.ATM.CO2E.KT,8801316.64689319,8939452.28751224,8874807.54995807,8907279.37321772,8823557.32335837,9240756.18946166,9321625.44350443,9449751.01000367,9564533.49992921,9577045.76228265,9962813.82535409,10279314.0040369,10702458.6972105,11560806.2667365,12562462.0057852,13471258.2149979,14418249.9527771,15327681.0810587,15824545.9942268,16247340.5447804,17478083.5216956,18693794.2482869,19265560.2010181,19785934.2726487,20006403.9413466,19938728.7904212,20039600.9948248,20528219.1874424,21177938.6673191,21177938.6673191,21177938.6673191
North Macedonia,MKD,CO2 emissions (kt),EN.ATM.CO2E.KT,8590.0,8380.0,8590.0,8890.0,8590.0,8570.0,10110.0,9040.0,9880.0,9140.0,8820.0,8990.0,8430.0,9210.0,8920.0,9360.0,9370.0,9810.0,9580.0,8960.0,8730.0,9640.0,9130.0,8240.0,7780.0,7480.0,7390.0,7860.0,7370.0,7370.0,7370.0
Mali,MLI,CO2 emissions (kt),EN.ATM.CO2E.KT,420.0,430.0,450.0,460.0,470.0,470.0,490.0,530.0,770.0,800.0,1410.0,1610.0,1400.0,1400.0,1480.0,1650.0,1890.0,2070.0,2090.0,2510.0,2780.0,3120.0,3110.0,3050.0,3120.0,3410.0,4420.0,5050.0,5620.0,5620.0,5620.0
Malta,MLT,CO2 emissions (kt),EN.ATM.CO2E.KT,2320.0,2210.0,2170.0,2810.0,2510.0,2380.0,2320.0,2470.0,2370.0,2410.0,2130.0,2490.0,2320.0,2610.0,2600.0,2620.0,2650.0,2710.0,2720.0,2510.0,2580.0,2570.0,2710.0,2370.0,2350.0,1650.0,1350.0,1520.0,1550.0,1550.0,1550.0
Myanmar,MMR,CO2 emissions (kt),EN.ATM.CO2E.KT,4190.0,4120.0,4290.0,4810.0,5650.0,6940.0,7310.0,7250.0,7910.0,9040.0,9600.0,8510.0,8430.0,10870.0,10510.0,11080.0,10210.0,10520.0,8030.0,7630.0,8280.0,8580.0,11790.0,13590.0,17040.0,19010.0,21890.0,31400.0,32520.0,32520.0,32520.0
Middle East & North Africa (excluding high income),MNA,CO2 emissions (kt),EN.ATM.CO2E.KT,525988.071927235,553442.220994065,593782.805999853,624629.712028737,669017.443321605,692585.526550592,712529.299671747,755356.564112631,735896.032339188,763309.911293708,791901.691033273,830560.998850151,856867.449716167,882932.279908327,939310.437141274,1025206.5866969,1079480.63056169,1129435.70488131,1172756.27819798,1232768.81306684,1252783.05888453,1261561.94336795,1323819.53699805,1350387.74359407,1398812.55364594,1385493.21399966,1398550.79791593,1436132.88022854,1470946.39231988,1470946.39231988,1470946.39231988
Montenegro,MNE,CO2 emissions (kt),EN.ATM.CO2E.KT,0.0,0.0,0.0,0.0,0.0,0.0,0.0,0.0,0.0,0.0,0.0,0.0,0.0,0.0,0.0,2010.0,2180.0,2100.0,2690.0,1750.0,2580.0,2540.0,2330.0,2270.0,2220.0,2360.0,2110.0,2230.0,2520.0,2520.0,2520.0
Mongolia,MNG,CO2 emissions (kt),EN.ATM.CO2E.KT,12970.0,14760.0,12860.0,11850.0,10320.0,10280.0,8690.0,8520.0,8550.0,8610.0,9000.0,8970.0,9600.0,9310.0,9560.0,11060.0,12420.0,13020.0,12970.0,13640.0,14310.0,15730.0,17140.0,18380.0,18120.0,17300.0,18170.0,19470.0,21320.0,21320.0,21320.0
Northern Mariana Islands,MNP,CO2 emissions (kt),EN.ATM.CO2E.KT,Unknown,Unknown,Unknown,Unknown,Unknown,Unknown,Unknown,Unknown,Unknown,Unknown,Unknown,Unknown,Unknown,Unknown,Unknown,Unknown,Unknown,Unknown,Unknown,Unknown,Unknown,Unknown,Unknown,Unknown,Unknown,Unknown,Unknown,Unknown,Unknown,Unknown,Unknown
Mozambique,MOZ,CO2 emissions (kt),EN.ATM.CO2E.KT,1120.0,940.0,1100.0,1290.0,1100.0,1170.0,1160.0,1290.0,1240.0,1230.0,1430.0,1410.0,1570.0,1910.0,1910.0,1710.0,1860.0,2230.0,2240.0,2510.0,2720.0,3200.0,3070.0,3460.0,4470.0,5640.0,5790.0,6020.0,6640.0,6640.0,6640.0
Mauritania,MRT,CO2 emissions (kt),EN.ATM.CO2E.KT,840.0,860.0,890.0,910.0,950.0,1000.0,1060.0,1050.0,990.0,1110.0,1120.0,1180.0,1270.0,1300.0,1410.0,1450.0,1460.0,1720.0,1800.0,1990.0,2070.0,2190.0,2400.0,2200.0,2520.0,2950.0,2810.0,3800.0,4000.0,4000.0,4000.0
Mauritius,MUS,CO2 emissions (kt),EN.ATM.CO2E.KT,1160.0,1250.0,1320.0,1470.0,1510.0,1550.0,1610.0,1620.0,1790.0,2200.0,2430.0,2570.0,2610.0,2750.0,2770.0,2960.0,3300.0,3400.0,3470.0,3420.0,3660.0,3640.0,3730.0,3820.0,3950.0,3960.0,4040.0,4180.0,4130.0,4130.0,4130.0
Malawi,MWI,CO2 emissions (kt),EN.ATM.CO2E.KT,720.0,790.0,790.0,880.0,910.0,910.0,910.0,950.0,920.0,960.0,880.0,880.0,860.0,880.0,910.0,910.0,930.0,980.0,1100.0,1120.0,1040.0,1140.0,1120.0,1210.0,1100.0,1200.0,1360.0,1500.0,1570.0,1570.0,1570.0
Malaysia,MYS,CO2 emissions (kt),EN.ATM.CO2E.KT,56190.0,63330.0,68870.0,71190.0,77000.0,83880.0,95710.0,102500.0,103040.0,111820.0,121650.0,126770.0,136330.0,143810.0,157470.0,166410.0,172680.0,188340.0,201130.0,181020.0,199110.0,201670.0,203280.0,219820.0,231680.0,232550.0,228640.0,222890.0,239620.0,239620.0,239620.0
North America,NAC,CO2 emissions (kt),EN.ATM.CO2E.KT,5266383.37670672,5223274.76771065,5308491.55383934,5425372.00844622,5514430.45293056,5578808.24334357,5748751.60398786,6029122.63371977,6080084.63284392,6108076.71638326,6294127.03002909,6258891.81979837,6122272.84452562,6207669.70838972,6279990.92779854,6308773.35251,6200326.538512,6314305.74071488,6116180.2144772,5682803.13554922,5930460.04334631,5722290.1811996,5499724.10453784,5648288.23626019,5666856.25164582,5543983.21017687,5441468.95712913,5378301.68927089,5558099.30377015,5558099.30377015,5558099.30377015
Namibia,NAM,CO2 emissions (kt),EN.ATM.CO2E.KT,1120.0,1120.0,1220.0,1420.0,1640.0,1770.0,1920.0,1970.0,2020.0,1980.0,1940.0,2460.0,2130.0,2270.0,2380.0,2530.0,2540.0,2620.0,2960.0,3030.0,3130.0,3320.0,3540.0,3820.0,4000.0,4270.0,4360.0,4330.0,4250.0,4250.0,4250.0
New Caledonia,NCL,CO2 emissions (kt),EN.ATM.CO2E.KT,Unknown,Unknown,Unknown,Unknown,Unknown,Unknown,Unknown,Unknown,Unknown,Unknown,Unknown,Unknown,Unknown,Unknown,Unknown,Unknown,Unknown,Unknown,Unknown,Unknown,Unknown,Unknown,Unknown,Unknown,Unknown,Unknown,Unknown,Unknown,Unknown,Unknown,Unknown
Niger,NER,CO2 emissions (kt),EN.ATM.CO2E.KT,600.0,570.0,530.0,600.0,580.0,560.0,640.0,650.0,700.0,680.0,670.0,660.0,700.0,760.0,790.0,760.0,750.0,820.0,860.0,1080.0,1370.0,1410.0,1890.0,1790.0,1980.0,1970.0,1970.0,2070.0,2290.0,2290.0,2290.0
Nigeria,NGA,CO2 emissions (kt),EN.ATM.CO2E.KT,67850.0,75570.0,86400.0,84410.0,80530.0,81540.0,87180.0,83540.0,76640.0,74660.0,76070.0,85150.0,86110.0,88680.0,88630.0,98440.0,92200.0,90130.0,91530.0,74240.0,90730.0,102090.0,100680.0,110720.0,116200.0,108150.0,108420.0,112920.0,130670.0,130670.0,130670.0
Nicaragua,NIC,CO2 emissions (kt),EN.ATM.CO2E.KT,1930.0,1920.0,2240.0,2200.0,2530.0,2650.0,2820.0,3020.0,3520.0,3540.0,3770.0,3930.0,4060.0,4530.0,4500.0,4300.0,4510.0,4670.0,4460.0,4390.0,4510.0,4770.0,4690.0,4490.0,4760.0,5270.0,5380.0,5400.0,5210.0,5210.0,5210.0
Netherlands,NLD,CO2 emissions (kt),EN.ATM.CO2E.KT,148350.0,154470.0,153260.0,158270.0,157420.0,164340.0,173920.0,166480.0,166920.0,161640.0,162300.0,167400.0,167500.0,170460.0,172160.0,167970.0,163710.0,164630.0,165390.0,160540.0,171160.0,158870.0,157520.0,157120.0,149890.0,158110.0,158270.0,155910.0,151170.0,151170.0,151170.0
Norway,NOR,CO2 emissions (kt),EN.ATM.CO2E.KT,29200.0,27260.0,30450.0,32030.0,33670.0,33100.0,34050.0,35810.0,37530.0,39370.0,34080.0,34780.0,34470.0,37120.0,37460.0,36370.0,37360.0,38000.0,37070.0,37450.0,41860.0,40160.0,39110.0,38210.0,38280.0,38640.0,37950.0,36900.0,37350.0,37350.0,37350.0
Nepal,NPL,CO2 emissions (kt),EN.ATM.CO2E.KT,940.0,1180.0,1230.0,1410.0,1740.0,1890.0,1960.0,2190.0,2320.0,3120.0,3220.0,3470.0,2790.0,3020.0,2810.0,3190.0,2620.0,2690.0,2990.0,3880.0,4640.0,5200.0,6000.0,6090.0,7130.0,6460.0,9340.0,11030.0,12030.0,12030.0,12030.0
Nauru,NRU,CO2 emissions (kt),EN.ATM.CO2E.KT,130.0,130.0,120.0,110.0,110.0,110.0,100.0,100.0,100.0,90.0,90.0,80.0,80.0,70.0,70.0,70.0,50.0,40.0,40.0,40.0,40.0,40.0,40.0,50.0,50.0,50.0,60.0,70.0,70.0,70.0,70.0
New Zealand,NZL,CO2 emissions (kt),EN.ATM.CO2E.KT,22310.0,22610.0,24390.0,23910.0,24280.0,24380.0,25500.0,27820.0,27340.0,28710.0,29500.0,31720.0,31580.0,33440.0,32870.0,34260.0,34310.0,33390.0,34370.0,31320.0,31130.0,30350.0,32010.0,31750.0,31790.0,32190.0,31180.0,32920.0,32210.0,32210.0,32210.0
OECD members,OED,CO2 emissions (kt),EN.ATM.CO2E.KT,11335120.0,11381640.0,11414640.0,11514160.0,11709340.0,11864240.0,12243580.0,12507080.0,12510280.0,12561260.0,12882420.0,12900160.0,12796390.0,13022110.0,13151290.0,13190770.0,13124420.0,13294680.0,12976000.0,12207250.0,12688450.0,12449720.0,12262310.0,12321670.0,12094430.0,12032840.0,11961830.0,11924640.0,11998460.0,11998460.0,11998460.0
Oman,OMN,CO2 emissions (kt),EN.ATM.CO2E.KT,11890.0,16100.0,14900.0,14080.0,13810.0,15600.0,15820.0,17240.0,17280.0,20430.0,22540.0,25280.0,26940.0,27670.0,27520.0,27870.0,37520.0,41030.0,40080.0,42730.0,46470.0,52380.0,58650.0,60990.0,64470.0,68300.0,69540.0,69900.0,73370.0,73370.0,73370.0
Other small states,OSS,CO2 emissions (kt),EN.ATM.CO2E.KT,85989.7781562103,84153.8082245277,80081.6847384047,78639.0480259842,79805.4351551752,79672.4260965832,83550.1517278411,86640.0544735928,89034.217528248,91254.4456601292,91193.056863856,94999.1622327951,100841.329344796,108174.872793551,113843.558885556,128459.576538995,136421.697733148,145761.105042956,153260.779804115,151129.504939013,161514.44331472,166159.014011309,174865.070771582,180585.332084048,187039.475779308,185983.891530083,187944.262278644,192096.226992261,197072.552738607,197072.552738607,197072.552738607
Pakistan,PAK,CO2 emissions (kt),EN.ATM.CO2E.KT,61050.0,60310.0,66920.0,73740.0,76250.0,82730.0,85820.0,89320.0,90170.0,98750.0,98370.0,99810.0,102300.0,105660.0,118650.0,121670.0,132480.0,146260.0,142160.0,145140.0,140620.0,141640.0,143750.0,145100.0,153670.0,163590.0,180570.0,197700.0,208370.0,208370.0,208370.0
Panama,PAN,CO2 emissions (kt),EN.ATM.CO2E.KT,2690.0,3130.0,3640.0,3800.0,4040.0,4360.0,4410.0,4640.0,5720.0,5010.0,5280.0,6220.0,5410.0,5530.0,5610.0,7120.0,7490.0,7480.0,7300.0,8700.0,9190.0,9990.0,10460.0,10610.0,11280.0,10700.0,10770.0,10250.0,10140.0,10140.0,10140.0
Peru,PER,CO2 emissions (kt),EN.ATM.CO2E.KT,20630.0,19750.0,20690.0,21540.0,22360.0,25400.0,27740.0,27950.0,26640.0,28840.0,28430.0,26360.0,27550.0,26940.0,31300.0,31350.0,31080.0,34110.0,38560.0,41680.0,45570.0,48580.0,48370.0,49520.0,52810.0,53820.0,56530.0,53990.0,54280.0,54280.0,54280.0
Philippines,PHL,CO2 emissions (kt),EN.ATM.CO2E.KT,40840.0,40360.0,43730.0,47460.0,51500.0,61800.0,67490.0,75330.0,74930.0,72430.0,73190.0,71670.0,72940.0,74770.0,76320.0,78100.0,70810.0,74560.0,76730.0,77520.0,83570.0,84470.0,88060.0,97800.0,104410.0,113670.0,124920.0,136590.0,142240.0,142240.0,142240.0
Palau,PLW,CO2 emissions (kt),EN.ATM.CO2E.KT,0.0,0.0,200.0,200.0,200.0,200.0,200.0,200.0,200.0,200.0,210.0,220.0,220.0,220.0,230.0,260.0,250.0,240.0,210.0,200.0,210.0,220.0,210.0,220.0,220.0,220.0,260.0,270.0,290.0,290.0,290.0
Papua New Guinea,PNG,CO2 emissions (kt),EN.ATM.CO2E.KT,2170.0,2180.0,2180.0,2210.0,2050.0,2130.0,2230.0,2400.0,2650.0,2600.0,2820.0,3380.0,3610.0,4070.0,4910.0,4880.0,4740.0,5040.0,4740.0,5010.0,5020.0,5150.0,4900.0,5230.0,5870.0,6430.0,7630.0,7700.0,7460.0,7460.0,7460.0
Poland,POL,CO2 emissions (kt),EN.ATM.CO2E.KT,350220.0,351630.0,343370.0,344020.0,339750.0,340000.0,355320.0,344630.0,318410.0,308980.0,295710.0,293600.0,287280.0,297700.0,301820.0,301350.0,314090.0,313370.0,308320.0,297260.0,313740.0,310590.0,303350.0,298330.0,285740.0,289050.0,299740.0,312820.0,312740.0,312740.0,312740.0
Pre-demographic dividend,PRE,CO2 emissions (kt),EN.ATM.CO2E.KT,184055.01534866,173295.782556971,203470.401434511,227648.414857924,236589.717935261,239965.516035888,250650.474588625,268117.441938117,227293.601243743,212290.054129844,225894.621850691,246737.38730081,247294.951551665,249108.306036436,261052.132503169,291494.200808963,290400.109834911,288769.103845816,308381.697602893,323101.273392684,362843.114977919,393254.791867768,415673.526363849,441800.768949695,461688.971381734,455631.650844057,472632.530486471,479921.506200142,513004.571870087,513004.571870087,513004.571870087
Puerto Rico,PRI,CO2 emissions (kt),EN.ATM.CO2E.KT,Unknown,Unknown,Unknown,Unknown,Unknown,Unknown,Unknown,Unknown,Unknown,Unknown,Unknown,Unknown,Unknown,Unknown,Unknown,Unknown,Unknown,Unknown,Unknown,Unknown,Unknown,Unknown,Unknown,Unknown,Unknown,Unknown,Unknown,Unknown,Unknown,Unknown,Unknown
"Korea, Dem. People's Rep.",PRK,CO2 emissions (kt),EN.ATM.CO2E.KT,123370.0,117350.0,104700.0,96710.0,88760.0,83420.0,74010.0,67520.0,60940.0,66580.0,71820.0,74390.0,71200.0,72740.0,74320.0,77590.0,78940.0,65640.0,72830.0,55360.0,51620.0,37040.0,38500.0,27820.0,31420.0,25300.0,30090.0,22380.0,18120.0,18120.0,18120.0
Portugal,PRT,CO2 emissions (kt),EN.ATM.CO2E.KT,41070.0,42770.0,46770.0,45790.0,47300.0,50690.0,48740.0,50930.0,55600.0,62210.0,61660.0,61380.0,65610.0,60520.0,62130.0,65470.0,60450.0,58800.0,56840.0,56300.0,50940.0,49870.0,48220.0,46560.0,45930.0,49850.0,48760.0,53330.0,49780.0,49780.0,49780.0
Paraguay,PRY,CO2 emissions (kt),EN.ATM.CO2E.KT,2070.0,2020.0,2470.0,2820.0,3340.0,3780.0,3720.0,4110.0,4270.0,4270.0,3520.0,3620.0,3780.0,3940.0,3970.0,3700.0,3830.0,3950.0,4180.0,4370.0,5040.0,5220.0,5180.0,5300.0,5630.0,6370.0,7150.0,8000.0,8420.0,8420.0,8420.0
West Bank and Gaza,PSE,CO2 emissions (kt),EN.ATM.CO2E.KT,Unknown,Unknown,Unknown,Unknown,Unknown,Unknown,Unknown,Unknown,Unknown,Unknown,Unknown,Unknown,Unknown,Unknown,Unknown,Unknown,Unknown,Unknown,Unknown,Unknown,Unknown,Unknown,Unknown,Unknown,Unknown,Unknown,Unknown,Unknown,Unknown,Unknown,Unknown
Pacific island small states,PSS,CO2 emissions (kt),EN.ATM.CO2E.KT,1678.35820895522,1704.17910447761,1730.0,1750.0,1760.0,1810.0,1880.0,1880.0,1890.0,1930.0,2010.0,2270.0,2130.0,2340.0,2790.0,2720.0,2770.0,2660.0,2270.0,2340.0,2500.0,2480.0,2410.0,2570.0,2760.0,2950.0,3490.0,3590.0,3780.0,3780.0,3780.0
Post-demographic dividend,PST,CO2 emissions (kt),EN.ATM.CO2E.KT,11364605.3203623,11326352.5465214,11263510.1411007,11262986.9574501,11330296.5463493,11463124.8262668,11734063.5287285,11953881.1517884,11934141.0302009,12002889.3741395,12285891.4842379,12327987.6456661,12213873.2424829,12425018.0904112,12513335.5151283,12509502.188765,12396524.7038996,12527069.0859575,12186617.3865295,11397032.6454777,11856750.0948029,11601466.6569641,11390512.9722928,11455005.4184579,11206623.980318,11060907.2723915,10951803.3587856,10847669.6898607,10935463.9309272,10935463.9309272,10935463.9309272
French Polynesia,PYF,CO2 emissions (kt),EN.ATM.CO2E.KT,Unknown,Unknown,Unknown,Unknown,Unknown,Unknown,Unknown,Unknown,Unknown,Unknown,Unknown,Unknown,Unknown,Unknown,Unknown,Unknown,Unknown,Unknown,Unknown,Unknown,Unknown,Unknown,Unknown,Unknown,Unknown,Unknown,Unknown,Unknown,Unknown,Unknown,Unknown
Qatar,QAT,CO2 emissions (kt),EN.ATM.CO2E.KT,12540.0,14610.0,14680.0,15490.0,16250.0,17020.0,17910.0,19450.0,20810.0,22950.0,21730.0,23490.0,27600.0,28910.0,31910.0,41280.0,44980.0,51050.0,55230.0,57170.0,62270.0,65770.0,73290.0,74600.0,80400.0,83310.0,85280.0,87680.0,90170.0,90170.0,90170.0
Romania,ROU,CO2 emissions (kt),EN.ATM.CO2E.KT,172630.0,142380.0,125990.0,117640.0,115090.0,120730.0,123950.0,113420.0,99390.0,85500.0,88880.0,94110.0,93590.0,99620.0,96730.0,95810.0,98940.0,96440.0,95210.0,80520.0,77500.0,83950.0,81730.0,72010.0,71410.0,72900.0,71140.0,74100.0,74880.0,74880.0,74880.0
Russian Federation,RUS,CO2 emissions (kt),EN.ATM.CO2E.KT,2164870.0,2141420.0,2005430.0,1821790.0,1612870.0,1564900.0,1534380.0,1427060.0,1418510.0,1456150.0,1489500.0,1490530.0,1491720.0,1522190.0,1534120.0,1530850.0,1590090.0,1591510.0,1613140.0,1495170.0,1583160.0,1661780.0,1666860.0,1624020.0,1606860.0,1557530.0,1530900.0,1557190.0,1607550.0,1607550.0,1607550.0
Rwanda,RWA,CO2 emissions (kt),EN.ATM.CO2E.KT,520.0,470.0,480.0,480.0,460.0,450.0,460.0,480.0,480.0,500.0,520.0,520.0,520.0,510.0,520.0,510.0,510.0,540.0,530.0,560.0,570.0,650.0,720.0,780.0,810.0,930.0,1050.0,1050.0,1080.0,1080.0,1080.0
South Asia,SAS,CO2 emissions (kt),EN.ATM.CO2E.KT,643080.0,686710.0,717340.0,747010.0,786940.0,849830.0,891420.0,942110.0,961900.0,1037180.0,1075940.0,1095440.0,1133540.0,1167850.0,1254230.0,1312050.0,1400870.0,1540250.0,1629080.0,1781870.0,1884320.0,1991420.0,2145490.0,2203550.0,2389180.0,2422620.0,2479230.0,2622720.0,2770040.0,2770040.0,2770040.0
Saudi Arabia,SAU,CO2 emissions (kt),EN.ATM.CO2E.KT,166390.0,186610.0,199350.0,206210.0,218790.0,222400.0,234090.0,214930.0,230410.0,234530.0,244340.0,248600.0,266910.0,278110.0,294210.0,308970.0,328350.0,347530.0,382240.0,399630.0,439230.0,456670.0,488750.0,499380.0,536810.0,561140.0,556740.0,540700.0,514600.0,514600.0,514600.0
Sudan,SDN,CO2 emissions (kt),EN.ATM.CO2E.KT,5370.0,4800.0,4530.0,3190.0,4660.0,4470.0,4260.0,5190.0,4710.0,5180.0,5550.0,6090.0,7540.0,7750.0,8510.0,10060.0,12440.0,13420.0,14510.0,14980.0,15870.0,15350.0,15210.0,14500.0,15330.0,17800.0,20480.0,20340.0,20200.0,20200.0,20200.0
Senegal,SEN,CO2 emissions (kt),EN.ATM.CO2E.KT,2330.0,2330.0,2570.0,2500.0,2610.0,2760.0,2930.0,3210.0,3600.0,3960.0,4060.0,4450.0,4580.0,4490.0,5390.0,5670.0,5570.0,6200.0,6400.0,6650.0,7030.0,7570.0,7460.0,8010.0,8570.0,9280.0,9920.0,9570.0,9860.0,9860.0,9860.0
Singapore,SGP,CO2 emissions (kt),EN.ATM.CO2E.KT,29720.0,31290.0,32180.0,37370.0,39240.0,38880.0,39860.0,39500.0,37990.0,38470.0,42580.0,42270.0,41370.0,38220.0,39620.0,36900.0,37170.0,38290.0,38420.0,38830.0,42410.0,44770.0,43690.0,43920.0,44460.0,45500.0,46160.0,47430.0,47360.0,47360.0,47360.0
Solomon Islands,SLB,CO2 emissions (kt),EN.ATM.CO2E.KT,150.0,160.0,170.0,180.0,190.0,200.0,210.0,210.0,220.0,230.0,240.0,250.0,260.0,270.0,310.0,340.0,330.0,340.0,320.0,330.0,340.0,350.0,360.0,390.0,340.0,310.0,360.0,350.0,370.0,370.0,370.0
Sierra Leone,SLE,CO2 emissions (kt),EN.ATM.CO2E.KT,340.0,360.0,460.0,460.0,480.0,250.0,300.0,230.0,260.0,150.0,400.0,430.0,530.0,580.0,570.0,480.0,630.0,540.0,550.0,550.0,590.0,770.0,890.0,1070.0,1180.0,940.0,960.0,970.0,1020.0,1020.0,1020.0
El Salvador,SLV,CO2 emissions (kt),EN.ATM.CO2E.KT,2380.0,3060.0,3350.0,3920.0,4460.0,4960.0,4390.0,5320.0,5670.0,5610.0,5630.0,5870.0,5940.0,6510.0,6680.0,6840.0,7230.0,7630.0,6910.0,6680.0,6540.0,6780.0,6770.0,6460.0,6590.0,7000.0,7170.0,6380.0,6810.0,6810.0,6810.0
San Marino,SMR,CO2 emissions (kt),EN.ATM.CO2E.KT,Unknown,Unknown,Unknown,Unknown,Unknown,Unknown,Unknown,Unknown,Unknown,Unknown,Unknown,Unknown,Unknown,Unknown,Unknown,Unknown,Unknown,Unknown,Unknown,Unknown,Unknown,Unknown,Unknown,Unknown,Unknown,Unknown,Unknown,Unknown,Unknown,Unknown,Unknown
Somalia,SOM,CO2 emissions (kt),EN.ATM.CO2E.KT,730.0,700.0,680.0,640.0,630.0,590.0,570.0,550.0,520.0,500.0,490.0,510.0,570.0,580.0,580.0,580.0,580.0,620.0,620.0,610.0,630.0,630.0,630.0,650.0,650.0,650.0,660.0,660.0,690.0,690.0,690.0
Serbia,SRB,CO2 emissions (kt),EN.ATM.CO2E.KT,61910.0,52200.0,48900.0,43210.0,39640.0,45340.0,52690.0,57270.0,57300.0,40780.0,43990.0,46170.0,49710.0,53100.0,57550.0,51510.0,53760.0,52580.0,51350.0,47070.0,46660.0,50810.0,45450.0,46150.0,38720.0,45160.0,46240.0,46900.0,45540.0,45540.0,45540.0
Sub-Saharan Africa (excluding high income),SSA,CO2 emissions (kt),EN.ATM.CO2E.KT,399090.997815705,403327.697170294,411110.238877377,420832.952108029,423993.086314876,443892.845170135,462298.355263052,477190.361509377,482167.825292047,469042.667244438,476503.814780733,525551.520777106,541321.902985079,570217.443240661,605877.488028473,622152.684007508,627826.790794243,651482.364106203,689020.316122365,659195.918528029,707627.751723706,712958.585146119,739198.804965916,770638.207769925,798329.066393456,777470.231840796,785390.542931806,801150.551260482,822805.44761491,822805.44761491,822805.44761491
South Sudan,SSD,CO2 emissions (kt),EN.ATM.CO2E.KT,0.0,0.0,0.0,0.0,0.0,0.0,0.0,0.0,0.0,0.0,0.0,0.0,0.0,0.0,0.0,0.0,0.0,0.0,0.0,0.0,0.0,0.0,1420.0,1450.0,1530.0,1970.0,1730.0,1520.0,1380.0,1380.0,1380.0
Sub-Saharan Africa,SSF,CO2 emissions (kt),EN.ATM.CO2E.KT,399239.201788188,403506.267133526,411288.744043898,421021.477167553,424201.778966258,444091.285453394,462537.035885881,477539.983418817,482608.273904372,469563.98843159,477085.654590431,526193.552840904,541862.84932214,570768.2590037,606629.947857664,622854.53512915,628568.982170632,652133.504069605,689721.642471437,659705.651209378,708066.43094206,713356.837743714,739647.332613006,771046.219406582,798787.276962011,777968.88796473,785929.452973371,801739.739680406,823424.721830527,823424.721830527,823424.721830527
Small states,SST,CO2 emissions (kt),EN.ATM.CO2E.KT,116102.94609287,113585.473521408,110388.615935561,108974.029633815,111121.351286106,111813.379117176,116128.376181496,120077.005570544,124127.403758278,126712.331244922,126101.718452802,131627.764221494,137856.014701126,145184.348152391,151963.818904116,170218.585725854,182160.4017766,191450.71283374,195518.362539839,202227.473660023,203723.967008686,209810.376198553,220175.350264466,224574.438094766,230018.058195274,228390.998312834,228009.342291027,231343.810692077,237761.658006144,237761.658006144,237761.658006144
Sao Tome and Principe,STP,CO2 emissions (kt),EN.ATM.CO2E.KT,50.0,50.0,40.0,50.0,50.0,50.0,50.0,50.0,50.0,50.0,50.0,50.0,60.0,70.0,70.0,80.0,80.0,80.0,90.0,90.0,100.0,100.0,120.0,120.0,120.0,120.0,120.0,130.0,140.0,140.0,140.0
Suriname,SUR,CO2 emissions (kt),EN.ATM.CO2E.KT,1740.0,2020.0,2030.0,2040.0,2040.0,2060.0,2080.0,2100.0,2100.0,2120.0,1480.0,1520.0,1120.0,1230.0,1390.0,1690.0,1530.0,1410.0,1460.0,1450.0,1740.0,1950.0,2440.0,2290.0,2640.0,2750.0,2310.0,2130.0,2080.0,2080.0,2080.0
Slovak Republic,SVK,CO2 emissions (kt),EN.ATM.CO2E.KT,54810.0,47940.0,46100.0,44320.0,41700.0,42370.0,42170.0,42270.0,41400.0,40660.0,38070.0,38580.0,38080.0,38340.0,37440.0,38520.0,37880.0,37220.0,37050.0,33840.0,35450.0,34130.0,32370.0,32940.0,30450.0,30750.0,31500.0,33580.0,33000.0,33000.0,33000.0
Slovenia,SVN,CO2 emissions (kt),EN.ATM.CO2E.KT,13530.0,12740.0,12830.0,13560.0,13610.0,14470.0,15290.0,15730.0,15500.0,14910.0,14540.0,15380.0,15520.0,15420.0,15710.0,15930.0,16310.0,16300.0,17390.0,15530.0,15810.0,15730.0,15170.0,14600.0,13170.0,13170.0,13930.0,14140.0,14050.0,14050.0,14050.0
Sweden,SWE,CO2 emissions (kt),EN.ATM.CO2E.KT,53350.0,54240.0,56750.0,56510.0,58490.0,58230.0,63650.0,57380.0,58360.0,57270.0,53280.0,52500.0,54020.0,55200.0,53590.0,50210.0,48900.0,47140.0,46150.0,42880.0,48130.0,44590.0,42150.0,40550.0,39100.0,39200.0,38790.0,38330.0,36000.0,36000.0,36000.0
Eswatini,SWZ,CO2 emissions (kt),EN.ATM.CO2E.KT,950.0,940.0,830.0,730.0,1040.0,1000.0,780.0,1110.0,1140.0,1220.0,1130.0,1080.0,1070.0,1000.0,990.0,1010.0,1010.0,1040.0,1020.0,1070.0,1010.0,1020.0,1060.0,1550.0,960.0,1030.0,1230.0,1040.0,1090.0,1090.0,1090.0
Sint Maarten (Dutch part),SXM,CO2 emissions (kt),EN.ATM.CO2E.KT,Unknown,Unknown,Unknown,Unknown,Unknown,Unknown,Unknown,Unknown,Unknown,Unknown,Unknown,Unknown,Unknown,Unknown,Unknown,Unknown,Unknown,Unknown,Unknown,Unknown,Unknown,Unknown,Unknown,Unknown,Unknown,Unknown,Unknown,Unknown,Unknown,Unknown,Unknown
Seychelles,SYC,CO2 emissions (kt),EN.ATM.CO2E.KT,150.0,180.0,180.0,190.0,210.0,200.0,240.0,350.0,440.0,520.0,580.0,640.0,540.0,550.0,750.0,700.0,740.0,650.0,700.0,510.0,440.0,400.0,450.0,410.0,460.0,500.0,540.0,590.0,620.0,620.0,620.0
Syrian Arab Republic,SYR,CO2 emissions (kt),EN.ATM.CO2E.KT,29570.0,32110.0,31400.0,30760.0,31880.0,33690.0,36810.0,37150.0,40050.0,39280.0,39530.0,41300.0,41990.0,42280.0,44680.0,55600.0,58830.0,62120.0,64060.0,59160.0,59700.0,55920.0,45990.0,30530.0,27070.0,26040.0,26460.0,29100.0,27910.0,27910.0,27910.0
Turks and Caicos Islands,TCA,CO2 emissions (kt),EN.ATM.CO2E.KT,Unknown,Unknown,Unknown,Unknown,Unknown,Unknown,Unknown,Unknown,Unknown,Unknown,Unknown,Unknown,Unknown,Unknown,Unknown,Unknown,Unknown,Unknown,Unknown,Unknown,Unknown,Unknown,Unknown,Unknown,Unknown,Unknown,Unknown,Unknown,Unknown,Unknown,Unknown
Chad,TCD,CO2 emissions (kt),EN.ATM.CO2E.KT,390.0,400.0,410.0,410.0,420.0,440.0,450.0,460.0,470.0,490.0,510.0,520.0,530.0,760.0,770.0,800.0,820.0,880.0,950.0,970.0,1030.0,820.0,890.0,920.0,940.0,970.0,1020.0,1020.0,1070.0,1070.0,1070.0
East Asia & Pacific (IDA & IBRD countries),TEA,CO2 emissions (kt),EN.ATM.CO2E.KT,2548192.68320844,2708400.51521563,2851545.38296984,3116695.18196285,3274301.00651327,3661945.33246809,3692926.47742095,3803720.57197642,3895693.97098595,3845192.10461668,4058990.00582629,4281208.21822063,4600010.0,5258850.0,6023610.0,6750030.0,7388280.0,7997390.0,8230190.0,8757280.0,9593300.0,10468910.0,10755870.0,11174430.0,11203670.0,11203310.0,11224570.0,11485600.0,11889820.0,11889820.0,11889820.0
Europe & Central Asia (IDA & IBRD countries),TEC,CO2 emissions (kt),EN.ATM.CO2E.KT,4395566.83375891,4269402.96489363,3956549.44929808,3628158.51142849,3252273.18211731,3166366.27315692,3094914.1789831,2941093.69847,2892376.3615333,2867386.17203059,2914549.76673988,2904505.57505047,2929084.77467367,3035090.0911563,3057774.72767642,3059729.43563993,3201678.07350311,3248439.98186905,3303436.3136876,3042599.43064726,3210142.90053165,3371465.47386607,3353744.43361343,3288680.46728164,3187913.96422831,3113343.34600293,3153613.88405586,3223185.74643835,3278021.79750843,3278021.79750843,3278021.79750843
Togo,TGO,CO2 emissions (kt),EN.ATM.CO2E.KT,970.0,920.0,750.0,630.0,910.0,980.0,1360.0,760.0,1200.0,1710.0,1270.0,1180.0,1340.0,1830.0,1780.0,1750.0,1570.0,1500.0,1570.0,2820.0,2630.0,2510.0,2230.0,1750.0,1590.0,1820.0,2300.0,2070.0,2260.0,2260.0,2260.0
Thailand,THA,CO2 emissions (kt),EN.ATM.CO2E.KT,88560.0,97670.0,107440.0,122060.0,136220.0,154760.0,173590.0,176750.0,155690.0,162500.0,163140.0,171830.0,182810.0,190850.0,208810.0,216110.0,218090.0,224150.0,228310.0,221300.0,235520.0,234620.0,252070.0,262460.0,258660.0,263080.0,260720.0,260660.0,257860.0,257860.0,257860.0
Tajikistan,TJK,CO2 emissions (kt),EN.ATM.CO2E.KT,11020.0,10170.0,7670.0,5160.0,3030.0,2510.0,2240.0,2510.0,2760.0,2540.0,2200.0,2150.0,2130.0,2170.0,2580.0,2450.0,2670.0,3250.0,3030.0,2390.0,2420.0,2540.0,2990.0,3160.0,4470.0,4760.0,5960.0,6370.0,7330.0,7330.0,7330.0
Turkmenistan,TKM,CO2 emissions (kt),EN.ATM.CO2E.KT,44650.0,37790.0,28100.0,26630.0,32870.0,33430.0,29690.0,29940.0,30590.0,35770.0,36850.0,38090.0,39910.0,44410.0,46820.0,48360.0,49730.0,56200.0,56850.0,50380.0,57360.0,63410.0,66300.0,67780.0,69490.0,72080.0,72020.0,71960.0,71730.0,71730.0,71730.0
Latin America & the Caribbean (IDA & IBRD countries),TLA,CO2 emissions (kt),EN.ATM.CO2E.KT,846730.0,878870.0,903410.0,935790.0,982960.0,1004850.0,1084190.0,1149940.0,1194120.0,1182180.0,1221880.0,1225590.0,1233220.0,1248350.0,1303810.0,1357090.0,1392010.0,1450240.0,1507960.0,1468940.0,1553310.0,1615470.0,1671480.0,1717780.0,1730430.0,1722720.0,1687450.0,1656490.0,1633250.0,1633250.0,1633250.0
Timor-Leste,TLS,CO2 emissions (kt),EN.ATM.CO2E.KT,0.0,0.0,0.0,0.0,0.0,0.0,0.0,0.0,0.0,0.0,0.0,0.0,170.0,170.0,200.0,210.0,200.0,200.0,210.0,230.0,240.0,250.0,300.0,460.0,530.0,610.0,690.0,600.0,640.0,640.0,640.0
Middle East & North Africa (IDA & IBRD countries),TMN,CO2 emissions (kt),EN.ATM.CO2E.KT,522460.0,549730.0,589800.0,620440.0,664530.0,687940.0,707750.0,750290.0,730960.0,758190.0,786590.0,824990.0,851120.0,877010.0,933010.0,1018330.0,1072240.0,1121860.0,1164890.0,1224500.0,1244380.0,1253100.0,1314940.0,1341330.0,1389430.0,1376200.0,1389170.0,1426500.0,1461080.0,1461080.0,1461080.0
Tonga,TON,CO2 emissions (kt),EN.ATM.CO2E.KT,80.0,90.0,80.0,90.0,90.0,100.0,80.0,90.0,100.0,110.0,100.0,100.0,100.0,120.0,130.0,130.0,150.0,130.0,130.0,140.0,120.0,110.0,110.0,120.0,110.0,110.0,150.0,180.0,190.0,190.0,190.0
South Asia (IDA & IBRD),TSA,CO2 emissions (kt),EN.ATM.CO2E.KT,643080.0,686710.0,717340.0,747010.0,786940.0,849830.0,891420.0,942110.0,961900.0,1037180.0,1075940.0,1095440.0,1133540.0,1167850.0,1254230.0,1312050.0,1400870.0,1540250.0,1629080.0,1781870.0,1884320.0,1991420.0,2145490.0,2203550.0,2389180.0,2422620.0,2479230.0,2622720.0,2770040.0,2770040.0,2770040.0
Sub-Saharan Africa (IDA & IBRD countries),TSS,CO2 emissions (kt),EN.ATM.CO2E.KT,399239.201788188,403506.267133526,411288.744043898,421021.477167553,424201.778966258,444091.285453394,462537.035885881,477539.983418817,482608.273904372,469563.98843159,477085.654590431,526193.552840904,541862.84932214,570768.2590037,606629.947857664,622854.53512915,628568.982170632,652133.504069605,689721.642471437,659705.651209378,708066.43094206,713356.837743714,739647.332613006,771046.219406582,798787.276962011,777968.88796473,785929.452973371,801739.739680406,823424.721830527,823424.721830527,823424.721830527
Trinidad and Tobago,TTO,CO2 emissions (kt),EN.ATM.CO2E.KT,14110.0,13000.0,11930.0,12470.0,13020.0,13160.0,13300.0,13770.0,14100.0,14210.0,14360.0,15430.0,16020.0,15320.0,15970.0,19670.0,22220.0,22070.0,21140.0,20190.0,22620.0,23190.0,22120.0,22730.0,21920.0,21260.0,18230.0,18190.0,17760.0,17760.0,17760.0
Tunisia,TUN,CO2 emissions (kt),EN.ATM.CO2E.KT,13750.0,14420.0,15180.0,16520.0,16650.0,17040.0,17600.0,18180.0,18920.0,19840.0,20930.0,21650.0,21730.0,21870.0,22830.0,23140.0,24070.0,24520.0,24790.0,25090.0,27440.0,25720.0,26680.0,26770.0,28830.0,29670.0,28990.0,29890.0,29980.0,29980.0,29980.0
Turkey,TUR,CO2 emissions (kt),EN.ATM.CO2E.KT,139220.0,143820.0,149830.0,155630.0,153930.0,168260.0,185450.0,193590.0,193850.0,192870.0,216620.0,197780.0,208120.0,219160.0,224600.0,235010.0,261090.0,288970.0,287200.0,287830.0,297120.0,317720.0,328880.0,318170.0,340640.0,351590.0,374590.0,415900.0,412970.0,412970.0,412970.0
Tuvalu,TUV,CO2 emissions (kt),EN.ATM.CO2E.KT,10.0,10.0,10.0,10.0,10.0,10.0,10.0,10.0,10.0,10.0,10.0,10.0,10.0,10.0,10.0,10.0,10.0,10.0,10.0,10.0,10.0,10.0,10.0,10.0,10.0,10.0,10.0,10.0,10.0,10.0,10.0
Tanzania,TZA,CO2 emissions (kt),EN.ATM.CO2E.KT,1890.0,1860.0,1860.0,1910.0,1910.0,2730.0,3070.0,2890.0,2690.0,2520.0,2950.0,3130.0,3570.0,3760.0,5100.0,5680.0,6060.0,5910.0,6100.0,5930.0,6910.0,8160.0,9870.0,10810.0,10720.0,11690.0,10920.0,11360.0,11580.0,11580.0,11580.0
Uganda,UGA,CO2 emissions (kt),EN.ATM.CO2E.KT,790.0,810.0,820.0,820.0,730.0,960.0,1070.0,1130.0,1290.0,1320.0,1330.0,1350.0,1540.0,1620.0,1770.0,2230.0,2600.0,2940.0,3180.0,3410.0,3850.0,4160.0,3910.0,4270.0,4740.0,4860.0,5670.0,5840.0,6130.0,6130.0,6130.0
Ukraine,UKR,CO2 emissions (kt),EN.ATM.CO2E.KT,688620.0,651930.0,574640.0,499320.0,415670.0,399250.0,346110.0,328250.0,309290.0,305730.0,297380.0,300550.0,303940.0,330230.0,307140.0,295410.0,303990.0,312140.0,301330.0,252290.0,269460.0,283520.0,277290.0,268600.0,237610.0,190870.0,201250.0,174840.0,185370.0,185370.0,185370.0
Upper middle income,UMC,CO2 emissions (kt),EN.ATM.CO2E.KT,6587669.65462855,6651122.43494991,6600999.18257894,6652312.60263483,6584788.62476098,6900174.03297497,6952508.11778235,6987120.66067886,7068713.80169596,6945543.58183093,7270665.33125287,7504007.30517704,7834672.66511204,8566119.05080333,9424418.0546788,10210299.8937835,10977998.7612252,11649193.7741631,12027545.7096412,12301660.276254,13327776.5770184,14312654.1375522,14694967.8734018,15132986.9235657,15092758.6425208,14971353.4720457,14944211.1376824,15220176.5453778,15569855.4508945,15569855.4508945,15569855.4508945
Uruguay,URY,CO2 emissions (kt),EN.ATM.CO2E.KT,3850.0,4370.0,4770.0,4490.0,4270.0,4690.0,5450.0,5560.0,5780.0,6780.0,5460.0,4950.0,4530.0,4490.0,5460.0,5410.0,6330.0,5850.0,7750.0,7670.0,6280.0,7610.0,8520.0,7360.0,6500.0,6590.0,6530.0,6080.0,6520.0,6520.0,6520.0
United States,USA,CO2 emissions (kt),EN.ATM.CO2E.KT,4844990.0,4808090.0,4880200.0,5000350.0,5073230.0,5126900.0,5283110.0,5547990.0,5590700.0,5610300.0,5776410.0,5749250.0,5594160.0,5659630.0,5740030.0,5756080.0,5656580.0,5740270.0,5563340.0,5159550.0,5392870.0,5172100.0,4950210.0,5089500.0,5102580.0,4982790.0,4888640.0,4813720.0,4981300.0,4981300.0,4981300.0
Uzbekistan,UZB,CO2 emissions (kt),EN.ATM.CO2E.KT,117770.0,118590.0,113070.0,113740.0,107170.0,96130.0,97100.0,98450.0,113730.0,114940.0,121690.0,122740.0,125390.0,118310.0,121430.0,114810.0,121930.0,118350.0,124200.0,114360.0,122560.0,125040.0,111290.0,113130.0,105410.0,101530.0,107350.0,111380.0,112090.0,112090.0,112090.0
St. Vincent and the Grenadines,VCT,CO2 emissions (kt),EN.ATM.CO2E.KT,80.0,90.0,120.0,120.0,140.0,150.0,150.0,160.0,190.0,190.0,160.0,210.0,230.0,230.0,250.0,250.0,250.0,300.0,220.0,990.0,250.0,230.0,400.0,220.0,290.0,220.0,270.0,270.0,280.0,280.0,280.0
"Venezuela, RB",VEN,CO2 emissions (kt),EN.ATM.CO2E.KT,103120.0,102390.0,104750.0,110140.0,110330.0,116940.0,130630.0,135930.0,132520.0,127480.0,134390.0,137290.0,145580.0,138100.0,142740.0,157570.0,149890.0,152780.0,163490.0,163930.0,171400.0,170180.0,183930.0,187680.0,188350.0,173880.0,162060.0,148740.0,138160.0,138160.0,138160.0
British Virgin Islands,VGB,CO2 emissions (kt),EN.ATM.CO2E.KT,Unknown,Unknown,Unknown,Unknown,Unknown,Unknown,Unknown,Unknown,Unknown,Unknown,Unknown,Unknown,Unknown,Unknown,Unknown,Unknown,Unknown,Unknown,Unknown,Unknown,Unknown,Unknown,Unknown,Unknown,Unknown,Unknown,Unknown,Unknown,Unknown,Unknown,Unknown
Virgin Islands (U.S.),VIR,CO2 emissions (kt),EN.ATM.CO2E.KT,Unknown,Unknown,Unknown,Unknown,Unknown,Unknown,Unknown,Unknown,Unknown,Unknown,Unknown,Unknown,Unknown,Unknown,Unknown,Unknown,Unknown,Unknown,Unknown,Unknown,Unknown,Unknown,Unknown,Unknown,Unknown,Unknown,Unknown,Unknown,Unknown,Unknown,Unknown
Vietnam,VNM,CO2 emissions (kt),EN.ATM.CO2E.KT,18410.0,18310.0,19310.0,24250.0,26750.0,30320.0,34170.0,40140.0,44870.0,45170.0,50310.0,55920.0,66280.0,70460.0,84460.0,92040.0,95760.0,105380.0,117620.0,131720.0,149440.0,149020.0,147270.0,153630.0,168560.0,209200.0,223870.0,222130.0,257860.0,257860.0,257860.0
Vanuatu,VUT,CO2 emissions (kt),EN.ATM.CO2E.KT,70.0,70.0,60.0,60.0,60.0,70.0,90.0,90.0,80.0,90.0,90.0,90.0,80.0,90.0,70.0,70.0,70.0,110.0,100.0,130.0,130.0,130.0,120.0,110.0,160.0,140.0,180.0,170.0,180.0,180.0,180.0
World,WLD,CO2 emissions (kt),EN.ATM.CO2E.KT,20607832.0596807,20799343.2787013,20741660.8600961,20874105.0265849,20983787.4114182,21582843.0324084,22039447.4140838,22394054.6806342,22509779.8369003,22615862.9199573,23311805.661438,23707262.4684296,24054448.0761061,25143943.8476202,26319528.2174325,27325257.1771294,28223539.0535022,29312213.4995752,29574920.7763931,29253757.5061305,31031799.0424309,32004027.8518917,32444191.5472416,33053846.5169509,33085191.9751693,32943427.7812085,32940650.0788955,33351608.0948268,34041045.9740377,34041045.9740377,34041045.9740377
Samoa,WSM,CO2 emissions (kt),EN.ATM.CO2E.KT,110.0,110.0,120.0,120.0,120.0,120.0,130.0,130.0,140.0,140.0,150.0,150.0,160.0,160.0,170.0,190.0,190.0,190.0,190.0,190.0,190.0,200.0,200.0,200.0,210.0,240.0,300.0,300.0,320.0,320.0,320.0
Kosovo,XKX,CO2 emissions (kt),EN.ATM.CO2E.KT,Unknown,Unknown,Unknown,Unknown,Unknown,Unknown,Unknown,Unknown,Unknown,Unknown,Unknown,Unknown,Unknown,Unknown,Unknown,Unknown,Unknown,Unknown,Unknown,Unknown,Unknown,Unknown,Unknown,Unknown,Unknown,Unknown,Unknown,Unknown,Unknown,Unknown,Unknown
"Yemen, Rep.",YEM,CO2 emissions (kt),EN.ATM.CO2E.KT,6640.0,8500.0,9130.0,8120.0,8480.0,9870.0,10080.0,10850.0,11730.0,13170.0,13890.0,15080.0,15140.0,17400.0,18400.0,19380.0,19410.0,20630.0,22010.0,25650.0,23990.0,20690.0,19680.0,26350.0,26710.0,14210.0,10880.0,10060.0,9310.0,9310.0,9310.0
South Africa,ZAF,CO2 emissions (kt),EN.ATM.CO2E.KT,247660.0,242330.0,238820.0,246430.0,252010.0,264190.0,273980.0,288920.0,296510.0,278470.0,284730.0,320600.0,331420.0,353110.0,379970.0,377640.0,379560.0,396900.0,426560.0,404020.0,425110.0,409120.0,426710.0,436870.0,447980.0,424880.0,425180.0,435140.0,433250.0,433250.0,433250.0
Zambia,ZMB,CO2 emissions (kt),EN.ATM.CO2E.KT,2740.0,2880.0,2850.0,2520.0,2140.0,2130.0,1760.0,2280.0,2170.0,1760.0,1810.0,1830.0,1920.0,2090.0,2110.0,2290.0,2180.0,1980.0,2180.0,2470.0,2640.0,3060.0,4020.0,4240.0,4800.0,5070.0,5590.0,6990.0,7740.0,7740.0,7740.0
Zimbabwe,ZWE,CO2 emissions (kt),EN.ATM.CO2E.KT,16530.0,18300.0,18470.0,17080.0,15960.0,15480.0,14860.0,13830.0,14070.0,15820.0,13700.0,13900.0,12490.0,10180.0,9770.0,10510.0,9830.0,9760.0,7600.0,7750.0,9810.0,11490.0,12110.0,12360.0,12150.0,12400.0,10990.0,10230.0,12270.0,12270.0,12270.0
